"DEPCODE","County","State","Facility","Provider Type","Update","Positive Residents","Positive Residents Transferred","Positive Staff"
1,"Alachua","Florida","AGENCY FOR PERSONS WITH DISABILITIES TACACHALE - FACILITY I","ICF","10/19/2020",0,0,5
1,"Alachua","Florida","AGENCY FOR PERSONS WITH DISABILITIES TACACHALE - FACILITY V","ICF","10/19/2020",0,0,24
1,"Alachua","Florida","AGENCY FOR PERSONS WITH DISABILITIES, TACACHALE - FACILITY VIII","ICF","10/19/2020",0,0,11
1,"Alachua","Florida","NORTH FLORIDA REHABILITATION AND SPECIALTY CARE","NH","10/19/2020",0,28,0
1,"Alachua","Florida","AGENCY FOR PERSONS WITH DISABILITIES TACACHALE - FACILITY VII","ICF","10/19/2020",0,0,5
1,"Alachua","Florida","OAK HAMMOCK AT THE UNIVERSITY OF FLORIDA INC","NH","10/19/2020",0,0,2
1,"Alachua","Florida","PALM GARDEN OF GAINESVILLE","NH","10/19/2020",0,0,1
1,"Alachua","Florida","PARK MEADOWS HEALTH AND REHABILITATION CENTER","NH","10/19/2020",0,0,14
1,"Alachua","Florida","PARKLANDS CARE CENTER","NH","10/19/2020",0,10,0
1,"Alachua","Florida","PLANTATION OAKS SENIOR LIVING RESIDENCE","ALF","9/28/2020",0,3,0
1,"Alachua","Florida","SIGNATURE HEALTHCARE OF GAINESVILLE","NH","10/19/2020",0,1,3
1,"Alachua","Florida","AGENCY FOR PERSONS WITH DISABILITIES TACACHALE - FACILITY II","ICF","10/19/2020",0,0,11
1,"Alachua","Florida","TACACHALE - FACILITY IV","ICF","10/19/2020",0,0,27
1,"Alachua","Florida","TERRACE HEALTH & REHABILITATION CENTER","NH","9/22/2020",3,2,4
1,"Alachua","Florida","BROOKDALE GAINESVILLE SOUTHWEST","ALF","10/19/2020",0,1,3
1,"Alachua","Florida","NORTH FLORIDA RETIREMENT VILLAGE","ALF","10/19/2020",0,1,6
1,"Alachua","Florida","SPLENDID CARE ASSISTED LIVING LLC","ALF","10/15/2020",0,2,0
2,"Baker","Florida","W FRANK WELLS NURSING HOME","NH","10/19/2020",0,1,1
3,"Bay","Florida","COMMUNITY HEALTH AND REHABILITATION CENTER","NH","10/19/2020",0,0,1
3,"Bay","Florida","MATHISON RETIREMENT COMMUNITY INC","ALF","10/19/2020",0,0,2
3,"Bay","Florida","PRUITTHEALTH - PANAMA CITY","NH","10/19/2020",0,0,1
3,"Bay","Florida","ST ANDREWS BAY SKILLED NURSING AND REHABILITATION CENTER","NH","10/19/2020",0,13,0
3,"Bay","Florida","CREATIVE LIVING CENTERS, INC","ALF","10/3/2020",0,0,1
3,"Bay","Florida","CLIFFORD CHESTER SIMS STATE VETERANS NURSING HOME","NH","10/19/2020",0,0,1
3,"Bay","Florida","SUPERIOR RESIDENCES OF PANAMA CITY BEACH","ALF","10/19/2020",0,1,2
4,"Bradford","Florida","RIVERWOOD HEALTH & REHABILITATION CENTER","NH","10/19/2020",0,3,4
4,"Bradford","Florida","PARKSIDE ASSISTED LIVING","ALF","10/19/2020",0,0,2
4,"Bradford","Florida","WINDSOR HEALTH AND REHABILITATION CENTER","NH","10/19/2020",0,2,0
5,"Brevard","Florida","ATLANTIC SHORES NURSING AND REHAB CENTER","NH","10/19/2020",0,0,3
5,"Brevard","Florida","BROOKDALE MELBOURNE","ALF","10/19/2020",0,8,0
5,"Brevard","Florida","ANCHOR CARE AND REHABILITATION CENTER","NH","10/13/2020",0,0,2
5,"Brevard","Florida","CEDAR CREEK","ALF","10/19/2020",0,1,0
5,"Brevard","Florida","COURTENAY SPRINGS VILLAGE","NH","10/19/2020",0,0,2
5,"Brevard","Florida","DISCOVERY VILLAGE AT MELBOURNE","ALF","10/15/2020",0,0,1
5,"Brevard","Florida","FOUNTAINS OF MELBOURNE","ALF","10/19/2020",0,0,11
5,"Brevard","Florida","HUNTINGTON PLACE","NH","10/13/2020",0,1,1
5,"Brevard","Florida","INDIAN RIVER CENTER","NH","10/19/2020",1,0,3
5,"Brevard","Florida","LIFE CARE CENTER OF MELBOURNE","NH","10/19/2020",3,9,1
5,"Brevard","Florida","ADDINGTON PLACE OF TITUSVILLE","ALF","10/19/2020",0,0,1
5,"Brevard","Florida","PALMS REHABILITATION AND HEALTHCARE CENTER, THE","NH","10/19/2020",0,9,0
5,"Brevard","Florida","SONATA VIERA","ALF","10/17/2020",0,2,0
5,"Brevard","Florida","TITUSVILLE TOWERS ALF","ALF","10/19/2020",0,1,0
5,"Brevard","Florida","VICTORIA LANDING ALF","ALF","10/19/2020",0,1,0
5,"Brevard","Florida","VIERA DEL MAR HEALTH AND REHABILITATION CENTER","NH","10/19/2020",0,0,1
5,"Brevard","Florida","WAVE CREST HEALTH AND REHABILITATION CENTER","NH","10/19/2020",0,0,2
5,"Brevard","Florida","WEST MELBOURNE HEALTH & REHABILITATION CENTER","NH","10/19/2020",0,0,3
5,"Brevard","Florida","CARRIAGE HOUSE ALF","ALF","10/15/2020",0,5,5
5,"Brevard","Florida","MELBOURNE TERRACE REHABILITATION CENTER","NH","10/19/2020",0,0,1
5,"Brevard","Florida","AVANTE AT MELBOURNE INC","NH","10/19/2020",17,2,2
6,"Broward","Florida","ATRIA TAMARAC","ALF","10/19/2020",1,0,0
6,"Broward","Florida","ACTIVE SENIOR LIVING RESIDENCE","ALF","10/19/2020",1,17,4
6,"Broward","Florida","ADORING RANCHES","ALF","10/19/2020",0,0,1
6,"Broward","Florida","ALEXANDER ""SANDY"" NININGER STATE VETERANS NURSING HOME","NH","10/19/2020",0,37,2
6,"Broward","Florida","BROOKDALE DEER CREEK","ALF","10/19/2020",0,1,0
6,"Broward","Florida","AZALEA OPCO LLC","ALF","10/16/2020",0,2,0
6,"Broward","Florida","BROWARD NURSING & REHABILITATION CENTER","NH","10/19/2020",0,15,1
6,"Broward","Florida","BINDA ASSISTED LIVING LLC","ALF","10/19/2020",0,0,1
6,"Broward","Florida","CHILDREN'S COMPREHENSIVE CARE CENTER, INC.","NH","10/17/2020",0,0,4
6,"Broward","Florida","BROWARD HOUSE, INC.","ALF","9/8/2020",1,0,3
6,"Broward","Florida","COVENANT VILLAGE CARE CENTER","NH","10/19/2020",0,0,1
6,"Broward","Florida","FIVE STAR PREMIER RESIDENCES OF HOLLYWOOD","ALF","10/15/2020",0,0,1
6,"Broward","Florida","FIVE STAR PREMIER RESIDENCES OF PLANTATION","ALF","10/19/2020",0,1,12
6,"Broward","Florida","FLAMINGO ALF","ALF","10/19/2020",0,1,0
6,"Broward","Florida","FORUM AT DEER CREEK","NH","10/19/2020",0,6,0
6,"Broward","Florida","GOD'S VIP SENIOR HAVEN LLC","ALF","9/8/2020",0,5,0
6,"Broward","Florida","GOLDEN AGE SENIORS OF SUNRISE, INC.","ALF","10/19/2020",0,0,1
6,"Broward","Florida","GRAND COURT ALF LLC","ALF","10/19/2020",0,9,0
6,"Broward","Florida","HAMPTON COURT ASSISTED LIVING","ALF","10/19/2020",0,0,1
6,"Broward","Florida","HARBORCHASE OF CORAL SPRINGS","ALF","9/30/2020",0,0,1
6,"Broward","Florida","BUCKINGHAM PLACE, LLC","ALF","10/19/2020",0,3,0
6,"Broward","Florida","HOME SWEET HOME ASSISTED LIVING INC","ALF","10/19/2020",0,0,1
6,"Broward","Florida","COLONIAL ASSISTED LIVING AT FORT LAUDERDALE","ALF","10/19/2020",0,0,1
6,"Broward","Florida","Life is Precious Assisted Living LLC","ALF","10/19/2020",0,1,0
6,"Broward","Florida","MARGATE HEALTH AND REHABILITATION CENTER","NH","10/19/2020",0,9,0
6,"Broward","Florida","NSPIRE HEALTHCARE LAUDERHILL","NH","10/19/2020",3,5,37
6,"Broward","Florida","NSPIRE HEALTHCARE PLANTATION","NH","10/19/2020",9,1,0
6,"Broward","Florida","PACIFICA SENIOR LIVING FOREST TRACE","ALF","10/19/2020",0,6,0
6,"Broward","Florida","PALMS CARE CENTER","NH","10/19/2020",1,11,5
6,"Broward","Florida","PARADISE VILLA RETIREMENT AT SHERIDAN #V","ALF","10/19/2020",0,3,0
6,"Broward","Florida","PARADISE VILLA RETIREMENT VI OF COCONUT CREEK","ALF","10/12/2020",0,3,0
6,"Broward","Florida","PARK SUMMIT AT CORAL SPRINGS","NH","10/19/2020",0,6,0
6,"Broward","Florida","PARK SUMMIT AT CORAL SPRINGS","ALF","10/19/2020",0,1,0
6,"Broward","Florida","PLANTATION NURSING & REHABILITATION CENTER","NH","10/19/2020",0,1,0
6,"Broward","Florida","RANMAR GARDENS II INC","ALF","10/19/2020",0,1,0
6,"Broward","Florida","ROYAL PALM SENIOR RESIDENCE","ALF","10/19/2020",0,4,0
6,"Broward","Florida","SAEJCA'S CASTLE LLC","ALF","10/19/2020",0,5,0
6,"Broward","Florida","SEAVIEW NURSING AND REHABILITATION CENTER","NH","10/19/2020",0,1,2
6,"Broward","Florida","SOLARIS HEALTHCARE COCONUT CREEK","NH","10/19/2020",0,9,0
6,"Broward","Florida","ST JOSEPH RESIDENCE, INC.","ALF","10/19/2020",0,1,0
6,"Broward","Florida","ST. JOHN'S NURSING CENTER","NH","10/19/2020",0,6,2
6,"Broward","Florida","SUNHAVEN VILLA INC.","ALF","10/19/2020",1,0,1
6,"Broward","Florida","BARNETT LAKEVIEW ALF INC","ALF","9/22/2020",0,1,0
6,"Broward","Florida","THE COLONY CLUB ALF","ALF","10/19/2020",0,4,0
6,"Broward","Florida","THE COURT AT PALM AIRE","ALF","10/19/2020",0,2,0
6,"Broward","Florida","THE HORIZON CLUB","ALF","10/19/2020",0,0,2
6,"Broward","Florida","THE PRESERVE AT PALM AIRE","ALF","10/19/2020",0,1,0
6,"Broward","Florida","VIP CARE PAVILION, LLC","ALF","9/8/2020",0,4,0
6,"Broward","Florida","WATERSIDE LANDING","ALF","10/19/2020",0,0,3
6,"Broward","Florida","WILTON MANORS HEALTH & REHABILITATION CENTER","NH","10/19/2020",0,1,0
6,"Broward","Florida","LIFE CARE CENTER OF INVERRARY","NH","10/19/2020",0,11,33
6,"Broward","Florida","HILLCREST HEALTH CARE AND REHABILITATION CENTER","NH","10/19/2020",0,10,0
6,"Broward","Florida","TAMARAC REHABILITATION AND HEALTH CENTER, INC.","NH","10/19/2020",0,25,0
7,"Calhoun","Florida","RIVER VALLEY REHABILITATION CENTER","NH","10/18/2020",0,1,0
7,"Calhoun","Florida","BLOUNTSTOWN HEALTH AND REHABILITATION CENTER","NH","10/19/2020",0,12,0
8,"Charlotte","Florida","DOUGLAS JACOBSON STATE VETERANS NURSING HOME","NH","10/19/2020",0,3,4
8,"Charlotte","Florida","BROOKDALE PORT CHARLOTTE","ALF","10/16/2020",0,10,7
8,"Charlotte","Florida","CONSULATE HEALTH CARE OF PORT CHARLOTTE","NH","10/19/2020",1,2,0
8,"Charlotte","Florida","COURTYARD ASSISTED LIVING (THE)","ALF","10/19/2020",0,3,1
8,"Charlotte","Florida","LEXINGTON MANOR ASSISTED LIVING","ALF","10/19/2020",0,0,3
8,"Charlotte","Florida","HARBOUR HEALTH ASSISTED LIVING","ALF","10/19/2020",0,17,0
8,"Charlotte","Florida","PARKSIDE ASSISTED LIVING AND MEMORY COTTAGE LLC","ALF","10/19/2020",0,1,1
8,"Charlotte","Florida","HERITAGE OAKS ASSISTED LIVING AND MEMORY CARE","ALF","10/19/2020",1,4,0
8,"Charlotte","Florida","ROYAL PALM RETIREMENT CENTRE","ALF","10/19/2020",0,8,8
8,"Charlotte","Florida","SIGNATURE HEALTHCARE OF PORT CHARLOTTE","NH","10/9/2020",10,0,0
8,"Charlotte","Florida","SOLARIS HEALTHCARE CHARLOTTE HARBOR","NH","10/19/2020",0,11,0
8,"Charlotte","Florida","VICK STREET MANOR","ALF","10/19/2020",0,3,9
8,"Charlotte","Florida","VILLAGE PLACE HEALTH AND REHABILITATION CENTER","NH","10/19/2020",0,6,11
8,"Charlotte","Florida","PORT CHARLOTTE REHABILITATION CENTER","NH","10/19/2020",2,1,0
8,"Charlotte","Florida","HARBOUR HEALTH CENTER","NH","10/19/2020",0,7,0
8,"Charlotte","Florida","LIFE CARE CENTER OF PUNTA GORDA","NH","10/19/2020",0,3,0
9,"Citrus","Florida","BROOKDALE CITRUS","ALF","10/19/2020",0,4,0
9,"Citrus","Florida","CYPRESS COVE CARE CENTER","NH","10/19/2020",0,1,0
9,"Citrus","Florida","AVANTE AT INVERNESS INC","NH","10/19/2020",5,11,0
9,"Citrus","Florida","GROVE HEALTH AND REHABILITATION CENTER, THE","NH","10/19/2020",0,2,0
9,"Citrus","Florida","CITRUS HEALTH AND REHABILITATION CENTER","NH","10/19/2020",0,28,0
9,"Citrus","Florida","FLORIDA MENTOR","ICF","10/19/2020",0,0,9
9,"Citrus","Florida","SUNFLOWER SPRINGS LLC","ALF","10/19/2020",0,1,0
10,"Clay","Florida","CONSULATE HEALTH CARE OF ORANGE PARK","NH","10/19/2020",0,0,1
10,"Clay","Florida","HEARTLAND HEALTH CARE CENTER - ORANGE PARK","NH","10/19/2020",9,0,3
10,"Clay","Florida","LIFE CARE CENTER AT WELLS CROSSING","NH","10/17/2020",2,30,30
10,"Clay","Florida","LIFE CARE CENTER OF ORANGE PARK","NH","10/19/2020",0,0,2
10,"Clay","Florida","OAK VIEW REHABILITATION CENTER","NH","10/19/2020",11,0,0
10,"Clay","Florida","ACACIA GROVE ASSISTED LIVING FACILITY LLC","ALF","9/25/2020",0,3,3
10,"Clay","Florida","PINE CREST MANOR","ALF","10/19/2020",8,4,0
10,"Clay","Florida","PruittHealth - Fleming Island","NH","10/19/2020",0,0,12
10,"Clay","Florida","ISLE HEALTH & REHABILITATION CENTER","NH","10/19/2020",0,1,11
10,"Clay","Florida","BROOKDALE ORANGE PARK","ALF","10/19/2020",0,11,0
10,"Clay","Florida","PAVILION FOR HEALTH CARE, THE","NH","10/19/2020",2,0,15
11,"Collier","Florida","ALL SEASONS IN NAPLES LLC","ALF","10/19/2020",0,4,0
11,"Collier","Florida","BENTLEY CARE CENTER","NH","10/19/2020",0,11,0
11,"Collier","Florida","CARLISLE NAPLES","ALF","10/19/2020",0,1,2
11,"Collier","Florida","CHATEAU AT MOORINGS PARK, THE","NH","10/19/2020",0,0,1
11,"Collier","Florida","HARBORCHASE OF NAPLES","NH","10/19/2020",0,0,2
11,"Collier","Florida","MANORCARE AT LELY PALMS","NH","10/19/2020",0,0,1
11,"Collier","Florida","MOORINGS PARK OAKSTONE AT GREY OAKS","ALF","10/19/2020",0,0,1
11,"Collier","Florida","PREMIER PLACE AT THE GLENVIEW","NH","10/19/2020",4,2,6
11,"Collier","Florida","LAKESIDE PAVILION","NH","10/19/2020",0,5,0
11,"Collier","Florida","BENTLEY VILLAGE","ALF","10/19/2020",0,5,5
11,"Collier","Florida","BEACH HOUSE NAPLES ASSISTED LIVING & MEMORY CARE","ALF","10/18/2020",0,0,1
11,"Collier","Florida","THE INN AT ASTON GARDENS AT PELICAN MARSH","ALF","10/18/2020",0,0,2
12,"Columbia","Florida","BAYA POINTE NURSING AND REHABILITATION CENTER","NH","10/19/2020",1,1,9
12,"Columbia","Florida","Rehabilitation Center of Lake City, The","NH","10/19/2020",2,0,2
12,"Columbia","Florida","SOLARIS HEALTHCARE LAKE CITY","NH","10/19/2020",0,0,11
12,"Columbia","Florida","AVALON HEALTHCARE CENTER","NH","10/19/2020",0,18,0
12,"Columbia","Florida","CANOPY AT HARPER LAKE (THE)","ALF","10/19/2020",5,5,5
13,"Dade","Florida","A SENIOR LIVING DREAM LLC","ALF","10/19/2020",0,0,1
13,"Dade","Florida","ALF FAMILY CARE CORP","ALF","9/30/2020",0,2,0
13,"Dade","Florida","ALL CARE ALF INC","ALF","10/19/2020",3,0,1
13,"Dade","Florida","ALPHA & OMEGA RESIDENTIAL, INC","ALF","10/19/2020",0,1,2
13,"Dade","Florida","ARCH PLAZA NURSING & REHABILITATION CENTER","NH","10/19/2020",0,3,28
13,"Dade","Florida","BAY OAKS HISTORIC RETIREMENT RESIDENCE INC","ALF","10/19/2020",0,1,0
13,"Dade","Florida","BELLAGIO PALMS ALF INC","ALF","10/19/2020",6,0,1
13,"Dade","Florida","BERMUDEZ SENIOR CARE INC","ALF","10/19/2020",3,0,0
13,"Dade","Florida","BLUE POINT HOME CARE INC","ALF","10/19/2020",0,1,0
13,"Dade","Florida","CAMINO DE ESPERANZA INC","ALF","8/18/2020",2,1,0
13,"Dade","Florida","CASA MARISA ALF, INC","ALF","10/19/2020",3,3,0
13,"Dade","Florida","CENTRAL PALACE RESIDENTIAL","ALF","9/8/2020",0,8,0
13,"Dade","Florida","CLARIDGE HOUSE NURSING & REHABILITATION CENTER","NH","10/19/2020",0,0,1
13,"Dade","Florida","CORAL REEF NURSING & REHABILITATION CENTER","NH","10/19/2020",16,0,1
13,"Dade","Florida","CROSS GARDENS CARE CENTER","NH","10/19/2020",4,0,0
13,"Dade","Florida","D&N HOME CARE SERVICES, INC","ALF","9/9/2020",2,2,1
13,"Dade","Florida","EAST RIDGE RETIREMENT VILLAGE INC","NH","10/19/2020",0,2,0
13,"Dade","Florida","EAST RIDGE RETIREMENT VILLAGE, INC","ALF","10/19/2020",0,6,0
13,"Dade","Florida","EL PARAISO HOME, INC.","ALF","10/19/2020",0,5,3
13,"Dade","Florida","FLORIDEAN NURSING AND REHABILITATION CENTER, THE","NH","10/19/2020",0,9,0
13,"Dade","Florida","FREIRE & SOTOMAYOR ALF, INC","ALF","8/3/2020",2,1,2
13,"Dade","Florida","GARDEN WALK ASSISTED LIVING CORP","ALF","8/27/2020",0,3,0
13,"Dade","Florida","GOLDEN GLADES NURSING AND REHABILITATION CENTER","NH","10/19/2020",0,1,0
13,"Dade","Florida","HAMPTON COURT NURSING AND REHABILITATION CENTER","NH","10/19/2020",0,2,0
13,"Dade","Florida","HARMONY HEALTH CENTER","NH","10/19/2020",6,0,1
13,"Dade","Florida","HAZEL CYPEN TOWER","ALF","10/19/2020",0,9,6
13,"Dade","Florida","HIALEAH NURSING AND REHABILITATION CENTER","NH","10/19/2020",0,0,1
13,"Dade","Florida","HIALEAH SHORES NURSING AND REHAB CENTER","NH","10/19/2020",0,8,0
13,"Dade","Florida","JACKSON MEMORIAL LONG TERM CARE CENTER","NH","10/19/2020",0,0,1
13,"Dade","Florida","JACKSON PLAZA NURSING AND REHABILITATION CENTER","NH","10/19/2020",0,0,1
13,"Dade","Florida","KENDALL LAKES HEALTH AND REHABILITATION CENTER","NH","10/19/2020",0,2,0
13,"Dade","Florida","KRYSTAL BAY NURSING AND REHABILITATION","NH","10/19/2020",0,0,16
13,"Dade","Florida","LAKEVIEW SENIOR CARE INC","ALF","7/23/2020",4,0,0
13,"Dade","Florida","LAS MERCEDES BOARDING HOME","ALF","10/19/2020",0,4,0
13,"Dade","Florida","MACTOWN, INC","ICF","10/19/2020",0,2,0
13,"Dade","Florida","MARIA ADULT HOME CARE II, INC","ALF","7/28/2020",0,4,0
13,"Dade","Florida","MARIA'S PALACE CORP","ALF","10/19/2020",0,6,2
13,"Dade","Florida","MAUD'S PLACE","ALF","10/19/2020",0,1,0
13,"Dade","Florida","MEADOW WOOD HOMES LLC","ALF","9/23/2020",0,1,1
13,"Dade","Florida","MI CASA DORADA ASSISTED LIVING FACILITY CORP","ALF","10/19/2020",0,2,0
13,"Dade","Florida","MIAMI CARE CENTER INC","NH","9/30/2020",0,76,28
13,"Dade","Florida","MIAMI CEREBRAL PALSY RESIDENTIAL SERVICES, INC.","ICF","10/19/2020",0,1,0
13,"Dade","Florida","MIAMI CEREBRAL PALSY RESIDENTIAL SERVICES, INC.","ICF","10/16/2020",0,0,2
13,"Dade","Florida","NSPIRE HEALTHCARE KENDALL","NH","10/19/2020",0,62,0
13,"Dade","Florida","NSPIRE HEALTHCARE KENDALL","ALF","10/19/2020",0,2,0
13,"Dade","Florida","NSPIRE HEALTHCARE MIAMI LAKES","NH","10/19/2020",12,0,0
13,"Dade","Florida","PALM BREEZE A.L.F.","ALF","10/19/2020",0,0,1
13,"Dade","Florida","PALMETTO CARE CENTER","NH","10/19/2020",0,13,0
13,"Dade","Florida","PALMETTO SUBACUTE CARE CENTER","NH","10/19/2020",2,0,1
13,"Dade","Florida","PAVILION GARDENS","ALF","10/19/2020",0,1,0
13,"Dade","Florida","PINECREST REHABILITATION CENTER","NH","10/19/2020",0,0,1
13,"Dade","Florida","PLAZA AT PARKSQUARE","ALF","10/19/2020",0,3,1
13,"Dade","Florida","PONCE PLAZA NURSING & REHABILITATION CENTER","NH","10/19/2020",3,0,0
13,"Dade","Florida","PROFESSIONAL HOME CARE I","ALF","10/17/2020",0,2,0
13,"Dade","Florida","REYSE ALF CORP.","ALF","10/19/2020",0,7,3
13,"Dade","Florida","RIVERSIDE CARE CENTER","NH","10/19/2020",0,30,0
13,"Dade","Florida","RIVIERA HEALTH RESORT","NH","10/19/2020",0,19,0
13,"Dade","Florida","SANDS AT SOUTH BEACH CARE CENTER, THE","NH","10/18/2020",0,0,1
13,"Dade","Florida","SANTA TERESITA HOME CARE","ALF","10/19/2020",0,0,1
13,"Dade","Florida","SEASONS GARDENS SENIOR RESIDENCE LLC","ALF","10/16/2020",0,5,0
13,"Dade","Florida","SIGNATURE HEALTHCARE CENTER OF WATERFORD","NH","10/19/2020",0,68,2
13,"Dade","Florida","SIGNATURE HEALTHCARE OF BROOKWOOD GARDENS","NH","10/19/2020",0,1,0
13,"Dade","Florida","SINAI PLAZA NURSING AND REHAB CENTER","NH","10/19/2020",0,6,1
13,"Dade","Florida","SOUTH DADE NURSING AND REHABILITATION CENTER","NH","10/19/2020",0,4,3
13,"Dade","Florida","ST ANNES NURSING CENTER, ST ANNES RESIDENCE INC","NH","10/19/2020",0,14,0
13,"Dade","Florida","STELLAR ALF II, LLC","ALF","8/25/2020",1,0,0
13,"Dade","Florida","STERLING AVENTURA","ALF","10/19/2020",0,5,1
13,"Dade","Florida","SUN BAY MANOR","ALF","10/19/2020",0,2,0
13,"Dade","Florida","SUN COAST","ALF","9/26/2020",0,3,1
13,"Dade","Florida","SUNRISE COMMUNITY, INC.","ICF","10/19/2020",0,34,45
13,"Dade","Florida","SUNRISE COMMUNITY, INC.","ICF","10/19/2020",0,0,3
13,"Dade","Florida","SUNRISE COMMUNITY, INC.","ICF","10/19/2020",0,0,2
13,"Dade","Florida","SUNRISE COMMUNITY, INC.","ICF","10/19/2020",0,0,1
13,"Dade","Florida","SUNSHINE ELDERLY RESIDENCES, CORP","ALF","10/9/2020",0,1,0
13,"Dade","Florida","SUSANNA WESLEY HEALTH CENTER","NH","10/19/2020",0,0,1
13,"Dade","Florida","SWEET HOPE ASSISTED LIVING CORP","ALF","10/19/2020",0,1,0
13,"Dade","Florida","SYLVIA'S RETIREMENT HOME, INC.","ALF","10/18/2020",5,0,4
13,"Dade","Florida","THE PALMS ASSISTED LIVING CORP","ALF","8/27/2020",0,5,1
13,"Dade","Florida","THE RESIDENCES AT MIAMI","ALF","10/19/2020",0,2,0
13,"Dade","Florida","TREASURE ISLE CARE CENTER","NH","10/19/2020",0,1,2
13,"Dade","Florida","TWINS SENIORS RESIDENCE ACLF","ALF","10/19/2020",0,4,0
13,"Dade","Florida","TWO SISTERS ALF,INC.","ALF","9/8/2020",0,1,0
13,"Dade","Florida","UNITY HEALTH AND REHABILITATION CENTER","NH","10/19/2020",0,28,54
13,"Dade","Florida","UNIVERSITY PLAZA REHABILITATION AND NURSING CENTER, INC","NH","10/19/2020",0,9,0
13,"Dade","Florida","VARADERO RETIREMENT HOME CARE, INC.","ALF","10/19/2020",0,1,0
13,"Dade","Florida","VICKY'S ALF","ALF","10/15/2020",0,0,1
13,"Dade","Florida","VICTORIA NURSING & REHABILITATION CENTER, INC.","NH","10/19/2020",0,9,0
13,"Dade","Florida","VILLA MARIA NURSING CENTER","NH","10/19/2020",0,9,0
13,"Dade","Florida","VILLA MARIA WEST SKILLED NURSING FACILITY","NH","10/19/2020",0,2,0
13,"Dade","Florida","VILLA SERENA I","ALF","8/5/2020",14,0,2
13,"Dade","Florida","VILLA SERENA II","ALF","8/5/2020",10,0,2
13,"Dade","Florida","WEST GABLES HEALTH CARE CENTER","NH","10/19/2020",5,48,5
14,"Desoto","Florida","M & R PERSONAL CARE INC","ALF","10/19/2020",0,2,1
14,"Desoto","Florida","DESOTO HEALTH AND REHAB","NH","10/19/2020",0,5,0
15,"Dixie","Florida","CROSS CITY NURSING AND REHABILITATION CENTER","NH","10/19/2020",2,0,0
16,"Duval","Florida","BARTRAM CROSSING","NH","10/19/2020",0,5,0
16,"Duval","Florida","ATRIA PARK OF SAN PABLO","ALF","10/15/2020",1,0,0
16,"Duval","Florida","AVANTE VILLA AT JACKSONVILLE BEACH INC","NH","10/19/2020",4,11,1
16,"Duval","Florida","BROOKDALE MANDARIN CENTRAL","ALF","10/19/2020",0,0,1
16,"Duval","Florida","BARTRAM LAKES ASSISTED LIVING","ALF","10/19/2020",0,6,0
16,"Duval","Florida","BROOKDALE SOUTHSIDE","ALF","10/19/2020",0,4,0
16,"Duval","Florida","BROOKDALE AVONDALE","ALF","10/19/2020",0,1,0
16,"Duval","Florida","CATHEDRAL GERONTOLOGY CENTER, INC","NH","10/19/2020",2,0,5
16,"Duval","Florida","BROOKDALE SOUTHPOINT","ALF","10/19/2020",0,3,0
16,"Duval","Florida","CROSS CARE CENTER","NH","10/19/2020",0,1,0
16,"Duval","Florida","CYPRESS VILLAGE","NH","10/19/2020",0,1,1
16,"Duval","Florida","DOLPHIN POINTE HEALTH CARE CENTER","NH","10/19/2020",35,19,0
16,"Duval","Florida","ELMCROFT OF TIMBERLIN PARC","ALF","10/19/2020",0,7,0
16,"Duval","Florida","FIRST COAST HEALTH AND REHABILITATION CENTER","NH","10/19/2020",0,18,0
16,"Duval","Florida","BRIDGE OF HOPE ALF","ALF","10/19/2020",0,0,1
16,"Duval","Florida","FLORIDA MENTOR","ICF","10/19/2020",0,0,1
16,"Duval","Florida","FLORIDA MENTOR","ICF","10/18/2020",3,1,1
16,"Duval","Florida","FOUNTAINS REHABILITATION AT MILL COVE","NH","10/19/2020",0,13,0
16,"Duval","Florida","HARBORCHASE OF MANDARIN","ALF","10/19/2020",0,3,1
16,"Duval","Florida","CAMELLIA AT DEERWOOD","ALF","10/19/2020",0,0,23
16,"Duval","Florida","HEARTLAND HEALTH CARE CENTER - JACKSONVILLE","NH","10/19/2020",0,22,0
16,"Duval","Florida","CONSULATE HEALTH CARE OF JACKSONVILLE","NH","10/19/2020",0,1,13
16,"Duval","Florida","INN AT CYPRESS VILLAGE, THE","ALF","10/19/2020",0,0,6
16,"Duval","Florida","JACKSONVILLE NURSING AND REHAB CENTER","NH","10/19/2020",0,21,54
16,"Duval","Florida","KINGS HOUSE II","ALF","10/19/2020",0,2,1
16,"Duval","Florida","L'ARCHE JACKSONVILLE, INC. III","ALF","10/14/2020",0,0,1
16,"Duval","Florida","L'ARCHE JACKSONVILLE, INC. IV","ALF","10/14/2020",0,0,1
16,"Duval","Florida","LAKESIDE NURSING AND REHABILITATION CENTER","NH","10/19/2020",7,3,3
16,"Duval","Florida","NOBLE GARDENS OF JACKSONVILLE, LLC","ALF","10/19/2020",13,2,1
16,"Duval","Florida","NOBLE HOUSE RETIREMENT OF JACKSONVILLE, LLC","ALF","10/19/2020",2,5,0
16,"Duval","Florida","ORTEGA GARDENS ALZHEIMER'S SPECIAL CARE CENTER","ALF","10/19/2020",0,0,4
16,"Duval","Florida","REGENTS PARK OF JACKSONVILLE","NH","10/19/2020",2,7,0
16,"Duval","Florida","HARTS HARBOR HEALTH CARE CENTER","NH","10/19/2020",0,13,0
16,"Duval","Florida","RIVERWOOD CENTER","NH","10/19/2020",0,21,1
16,"Duval","Florida","HEARTLAND HEALTH CARE CENTER OF SOUTH JACKSONVILLE","NH","10/19/2020",0,1,0
16,"Duval","Florida","SIGNATURE HEALTHCARE OF JACKSONVILLE","NH","10/19/2020",0,5,0
16,"Duval","Florida","ST CATHERINE LABOURE MANOR INC","NH","10/17/2020",1,11,0
16,"Duval","Florida","STARLING AT SAN JOSE","ALF","10/19/2020",0,0,9
16,"Duval","Florida","TAYLOR CARE CENTER","NH","10/19/2020",0,32,0
16,"Duval","Florida","THE COVE AT MARSH LANDING","ALF","10/8/2020",0,11,9
16,"Duval","Florida","THE INN AT AGING GRACE","ALF","10/19/2020",0,2,2
16,"Duval","Florida","UNIVERSITY CROSSING","NH","10/19/2020",0,21,1
16,"Duval","Florida","WINDSOR AT ORTEGA","ALF","10/19/2020",0,4,0
16,"Duval","Florida","WINDSOR AT SAN PABLO","ALF","10/19/2020",0,0,10
16,"Duval","Florida","WOODLAND GROVE HEALTH & REHABILITATION CENTER","NH","10/19/2020",0,0,1
16,"Duval","Florida","RIVER CITY REHAB CENTER","NH","10/19/2020",0,1,0
16,"Duval","Florida","ROSECASTLE AT DEERWOOD","ALF","10/19/2020",0,0,2
16,"Duval","Florida","FLEET LANDING","ALF","10/19/2020",0,0,1
17,"Escambia","Florida","ARCADIA HEALTH & REHABILITATION CENTER","NH","10/19/2020",1,0,0
17,"Escambia","Florida","FLORIDA MENTOR","ICF","10/16/2020",0,0,3
17,"Escambia","Florida","FLORIDA MENTOR","ICF","10/16/2020",2,0,9
17,"Escambia","Florida","NOBLE SENIOR LIVING AT PENSACOLA","ALF","10/19/2020",0,3,0
17,"Escambia","Florida","OLIVE BRANCH HEALTH AND REHABILITATION CENTER","NH","10/19/2020",0,3,11
17,"Escambia","Florida","PENSACOLA DEVELOPMENTAL CENTER","ICF","10/19/2020",0,1,0
17,"Escambia","Florida","NEW HORIZONS OF NORTHWEST FLORIDA, INC.","ICF","10/19/2020",0,2,1
17,"Escambia","Florida","SOLARIS HEALTHCARE PENSACOLA","NH","10/19/2020",0,1,0
17,"Escambia","Florida","SOUTHERN OAKS CARE CENTER","NH","10/19/2020",0,4,0
17,"Escambia","Florida","SUMMER VISTA ASSISTED LIVING COMMUNITY","ALF","10/19/2020",0,2,0
17,"Escambia","Florida","THE RESIDENCE","ALF","10/19/2020",0,0,1
17,"Escambia","Florida","CONSULATE HEALTH CARE OF PENSACOLA","NH","10/19/2020",0,26,0
17,"Escambia","Florida","UNIVERSITY HILLS HEALTH AND REHABILITATION","NH","10/19/2020",0,4,0
17,"Escambia","Florida","FLORIDA MENTOR","ICF","10/16/2020",0,0,5
17,"Escambia","Florida","YOURLIFE OF PENSACOLA","ALF","10/19/2020",0,3,7
17,"Escambia","Florida","THE RHEMA HOUSE ASSISTED LIVING FACILITY, INC","ALF","10/18/2020",0,0,2
17,"Escambia","Florida","ROSEWOOD HEALTHCARE AND REHABILITATION CENTER","NH","10/19/2020",9,0,1
17,"Escambia","Florida","WESTPOINTE RETIREMENT COMMUNITY INC","ALF","10/19/2020",0,1,0
18,"Flagler","Florida","GRAND OAKS HEALTH AND REHABILITATION CENTER","NH","10/19/2020",0,6,13
18,"Flagler","Florida","MARKET STREET PALM COAST","ALF","10/19/2020",0,0,2
20,"Gadsden","Florida","PARADISE OASIS LLC","ALF","10/19/2020",1,0,0
21,"Gilchrist","Florida","AYERS HEALTH AND REHABILITATION CENTER","NH","10/19/2020",0,0,1
25,"Hardee","Florida","HARDEE MANOR HEALTHCARE CENTER","NH","10/19/2020",0,3,1
27,"Hernando","Florida","NOBLE SENIOR LIVING AT BROOKSVILLE","ALF","10/14/2020",0,1,0
27,"Hernando","Florida","BROOKSVILLE HEALTHCARE CENTER","NH","10/19/2020",1,0,0
27,"Hernando","Florida","RESIDENCE AT TIMBER PINES (THE)","ALF","10/19/2020",0,4,0
27,"Hernando","Florida","FOREST OAKS OF SPRING HILL","ALF","10/19/2020",0,1,0
27,"Hernando","Florida","EVERGREEN WOODS","NH","10/19/2020",0,28,0
28,"Highlands","Florida","OAKS AT AVON","NH","10/19/2020",0,2,1
28,"Highlands","Florida","PALMS OF SEBRING, THE","NH","10/19/2020",0,0,1
28,"Highlands","Florida","SUNNY HILLS OF SEBRING","ALF","10/19/2020",0,16,0
28,"Highlands","Florida","KENILWORTH CARE & REHABILITATION CENTER","NH","10/19/2020",15,0,2
28,"Highlands","Florida","FELLOWSHIP HOME AT THE FAIRWAY","ALF","10/13/2020",0,1,0
29,"Hillsborough","Florida","ANGELS SENIOR LIVING AT NEW TAMPA, LLC","ALF","9/25/2020",0,12,0
29,"Hillsborough","Florida","ARDEN COURTS OF TAMPA","ALF","10/19/2020",0,0,1
29,"Hillsborough","Florida","AUSTIN GROUP (THE)","ALF","10/19/2020",0,0,1
29,"Hillsborough","Florida","ANGELS SENIOR LIVING AT THE LODGES AT IDLEWILD","ALF","10/19/2020",0,5,3
29,"Hillsborough","Florida","BORMEY ASSISTED LIVING FACILITIES INC","ALF","10/19/2020",2,0,0
29,"Hillsborough","Florida","AGUILA ADULT CARE CENTER II","ALF","10/19/2020",1,0,1
29,"Hillsborough","Florida","BRISTOL AT TAMPA REHABILITATION AND NURSING CENTER LLC, THE","NH","10/19/2020",3,0,0
29,"Hillsborough","Florida","BAYSHORE POINTE NURSING AND REHAB CENTER","NH","10/19/2020",0,14,0
29,"Hillsborough","Florida","CANTERBURY TOWERS INC","NH","10/19/2020",1,0,1
29,"Hillsborough","Florida","CENTRAL PARK HEALTHCARE AND REHABILITATION CENTER","NH","10/19/2020",0,18,0
29,"Hillsborough","Florida","CONCORDIA VILLAGE OF TAMPA","NH","10/19/2020",0,0,2
29,"Hillsborough","Florida","CONSULATE HEALTH CARE OF BRANDON","NH","10/19/2020",0,28,31
29,"Hillsborough","Florida","COSTA DEL SOL ASSISTED LIVING","ALF","9/27/2020",0,0,2
29,"Hillsborough","Florida","COVENTRY ASSISTED LIVING","ALF","10/19/2020",0,6,0
29,"Hillsborough","Florida","ATRIUM GARDENS ALF LLC","ALF","10/19/2020",0,6,0
29,"Hillsborough","Florida","DANIELLA'S LIFE ALF, LLC","ALF","8/20/2020",1,2,0
29,"Hillsborough","Florida","DISCOVERY VILLAGE AT WESTCHASE","ALF","10/7/2020",0,0,4
29,"Hillsborough","Florida","DORA ASSISTED LIVING FACILITY INC","ALF","10/19/2020",0,0,1
29,"Hillsborough","Florida","BRIGHTON GARDENS OF TAMPA","ALF","10/19/2020",0,1,0
29,"Hillsborough","Florida","ERIKA'S HOUSE ALF","ALF","10/19/2020",0,0,2
29,"Hillsborough","Florida","BUENA VIDA CARE CORP","ALF","9/4/2020",2,2,2
29,"Hillsborough","Florida","FLETCHER HEALTH AND REHABILITATION CENTER","NH","10/19/2020",0,20,18
29,"Hillsborough","Florida","GREEN ACRES ALF","ALF","10/18/2020",0,1,0
29,"Hillsborough","Florida","HANNA OAKS CENTER for INDEPENDENT and ASSISTED LIVING","ALF","10/19/2020",0,9,0
29,"Hillsborough","Florida","HAWTHORNE HEALTH AND REHAB OF BRANDON","NH","10/19/2020",0,14,18
29,"Hillsborough","Florida","HAWTHORNE INN OF BRANDON","ALF","10/19/2020",0,0,1
29,"Hillsborough","Florida","HILLSBOROUGH COUNTY DEVELOPMENTAL CENTER","ICF","10/13/2020",1,0,1
29,"Hillsborough","Florida","KR AT HILLSBOROUGH LAKES","NH","10/19/2020",0,15,27
29,"Hillsborough","Florida","LEGACY AT HIGHWOODS PRESERVE","ALF","10/19/2020",0,1,1
29,"Hillsborough","Florida","LIFE CONCEPTS, INC","ICF","10/19/2020",2,0,1
29,"Hillsborough","Florida","MARY DUNBAR ASSISTED LIVING","ALF","8/6/2020",0,1,0
29,"Hillsborough","Florida","ELMCROFT OF CARROLLWOOD","ALF","10/6/2020",11,1,1
29,"Hillsborough","Florida","MICHT CORP","ALF","10/19/2020",1,0,0
29,"Hillsborough","Florida","FAIRWAY OAKS CENTER","NH","10/19/2020",0,37,0
29,"Hillsborough","Florida","PARK VIEW ESTATE OF BRANDON LLC","ALF","10/19/2020",0,0,1
29,"Hillsborough","Florida","PATTY'S HOUSE #2, LLC","ALF","9/4/2020",2,0,3
29,"Hillsborough","Florida","PERSON TO PERSON CARE CENTER, LLC","ALF","9/1/2020",0,0,1
29,"Hillsborough","Florida","PLAZA WEST HEALTH CENTER","NH","10/19/2020",0,14,2
29,"Hillsborough","Florida","PROMISE POINTE AT TAMPA OAKS","ALF","10/13/2020",0,3,0
29,"Hillsborough","Florida","REHABILITATION AND HEALTHCARE CENTER OF TAMPA","NH","10/19/2020",2,2,8
29,"Hillsborough","Florida","ROCKY CREEK VILLAGE","ALF","10/19/2020",3,0,2
29,"Hillsborough","Florida","ROYAL SUN PARK ASSISTED LIVING FACILITY","ALF","10/19/2020",0,7,0
29,"Hillsborough","Florida","SAN JOSE ALF INC","ALF","10/19/2020",0,1,0
29,"Hillsborough","Florida","SENIOR POINT ASSISTED LIVING FACILITY LLC","ALF","10/19/2020",0,0,1
29,"Hillsborough","Florida","SOLARIS HEALTHCARE PLANT CITY","NH","10/19/2020",0,1,0
29,"Hillsborough","Florida","STONE LEDGE MANOR","ALF","10/19/2020",0,11,8
29,"Hillsborough","Florida","SUN TERRACE HEALTH CARE CENTER","NH","10/19/2020",2,15,1
29,"Hillsborough","Florida","SUN TOWERS RETIREMENT COMMUNITY","ALF","10/19/2020",0,1,0
29,"Hillsborough","Florida","SUPERIOR RESIDENCES OF BRANDON MEMORY CARE","ALF","10/19/2020",0,21,0
29,"Hillsborough","Florida","TAMPA LAKES HEALTH AND REHABILITATION CENTER","NH","10/19/2020",0,8,0
29,"Hillsborough","Florida","TESSERA OF BRANDON","ALF","10/19/2020",0,13,10
29,"Hillsborough","Florida","THE COLONNADE AT NORTHDALE","ALF","10/15/2020",0,11,0
29,"Hillsborough","Florida","THE INN AT UNIVERSITY VILLAGE","ALF","10/19/2020",9,0,0
29,"Hillsborough","Florida","TWIN CREEKS ASSISTED LIVING AND MEMORY CARE","ALF","10/19/2020",1,0,1
29,"Hillsborough","Florida","COX ADULT LIVING FACILITY","ALF","9/30/2020",0,0,1
29,"Hillsborough","Florida","WHISPERING OAKS","NH","10/19/2020",2,3,2
29,"Hillsborough","Florida","WOODBRIDGE CARE CENTER","NH","10/19/2020",14,8,4
29,"Hillsborough","Florida","PALM GARDEN OF SUN CITY","NH","10/19/2020",0,0,1
29,"Hillsborough","Florida","MEMORY LANE COTTAGE AT TAMPA PALMS, LLC","ALF","10/19/2020",0,3,0
29,"Hillsborough","Florida","WELLSWOOD CARE CENTER II","ALF","10/19/2020",2,2,0
30,"Holmes","Florida","BONIFAY NURSING AND REHAB CENTER","NH","10/19/2020",0,6,1
31,"Indian River","Florida","BROOKDALE VERO BEACH SOUTH","ALF","10/19/2020",0,1,0
31,"Indian River","Florida","HARBORCHASE OF VERO BEACH","ALF","10/19/2020",0,6,7
31,"Indian River","Florida","OAKBRIDGE TERRACE ASSISTED LIVING AT INDIAN RIVER ESTATES","ALF","10/19/2020",0,11,0
31,"Indian River","Florida","FLORIDA BAPTIST RETIREMENT CENTER, INC.","NH","10/19/2020",0,3,0
31,"Indian River","Florida","PELICAN LANDING ASSISTED LIVING AND MEMORY CARE","ALF","10/9/2020",0,1,0
31,"Indian River","Florida","PROMENADE (THE)","ALF","9/25/2020",0,0,1
31,"Indian River","Florida","PALM GARDEN OF VERO BEACH","NH","10/18/2020",0,0,1
31,"Indian River","Florida","GRACE REHABILITATION CENTER OF VERO BEACH","NH","10/19/2020",0,2,0
31,"Indian River","Florida","CONSULATE HEALTH CARE OF VERO BEACH","NH","10/18/2020",0,14,2
32,"Jackson","Florida","CHIPOLA HEALTH AND REHABILITATION CENTER","NH","10/19/2020",2,0,0
32,"Jackson","Florida","SIGNATURE HEALTHCARE AT THE COURTYARD","NH","10/19/2020",0,3,0
32,"Jackson","Florida","MARIANNA HEALTH AND REHABILITATION CENTER","NH","10/19/2020",0,0,1
32,"Jackson","Florida","SUNLAND CENTER MARIANNA-FACILITY II","ICF","10/19/2020",0,0,11
33,"Jefferson","Florida","BRYNWOOD HEALTH AND REHABILITATION CENTER","NH","10/19/2020",10,0,4
35,"Lake","Florida","BENTON HOUSE OF CLERMONT","ALF","10/19/2020",0,0,2
35,"Lake","Florida","BRIDGEWATER AT WATERMAN VILLAGE (THE)","ALF","10/19/2020",0,0,2
35,"Lake","Florida","AVANTE AT LEESBURG, INC","NH","10/19/2020",11,9,1
35,"Lake","Florida","FREEDOM POINTE HEALTH CENTER","NH","10/19/2020",0,0,1
35,"Lake","Florida","LADY LAKE SPECIALTY CARE CENTER","NH","10/19/2020",0,27,0
35,"Lake","Florida","LAKE EUSTIS HEALTH AND REHABILITATION CENTER","NH","10/19/2020",0,2,0
35,"Lake","Florida","CLERMONT HEALTH AND REHABILITATION CENTER","NH","10/19/2020",0,16,0
35,"Lake","Florida","LAKES OF CLERMONT HEALTH AND REHABILITATION CENTER, THE","NH","10/19/2020",0,0,11
35,"Lake","Florida","MADISON AT CLERMONT","ALF","10/19/2020",0,1,1
35,"Lake","Florida","REGENCY PARK","ALF","10/19/2020",2,0,1
35,"Lake","Florida","RULEME CENTER","NH","10/19/2020",0,6,0
35,"Lake","Florida","SOUTH CAMPUS CARE CENTER","NH","10/18/2020",6,0,0
35,"Lake","Florida","SPRINGS OF LADY LAKE","ALF","10/19/2020",0,0,3
35,"Lake","Florida","THE COVE AT TAVARES VILLAGE","ALF","10/19/2020",0,3,0
35,"Lake","Florida","THE EDGEWATER AT WATERMAN VILLAGE","NH","10/19/2020",1,0,5
35,"Lake","Florida","VISTA LAKE","ALF","10/19/2020",0,1,0
35,"Lake","Florida","VISTA LAKE","ALF","10/19/2020",0,5,0
35,"Lake","Florida","AVANTE AT MT DORA, INC.","NH","10/19/2020",0,25,3
35,"Lake","Florida","LAKE HARRIS HEALTH CENTER","NH","10/19/2020",0,1,3
35,"Lake","Florida","AdVENTHEALTH CARE CENTER WATERMAN","NH","10/19/2020",0,3,1
36,"Lee","Florida","AMERICAN HOUSE BONITA SPRINGS","ALF","10/12/2020",0,4,4
36,"Lee","Florida","BARKLEY PLACE","ALF","10/19/2020",0,1,0
36,"Lee","Florida","AMERICAN HOUSE COCONUT POINT","ALF","10/19/2020",0,3,0
36,"Lee","Florida","BROOKDALE BONITA SPRINGS","ALF","9/5/2020",0,1,0
36,"Lee","Florida","ARBOR AT SHELL POINT (THE)","ALF","10/19/2020",0,2,0
36,"Lee","Florida","BROOKDALE FORT MYERS LAKES PARK","ALF","9/22/2020",0,0,3
36,"Lee","Florida","BARRINGTON TERRACE - FT MYERS","ALF","10/19/2020",0,2,0
36,"Lee","Florida","BROOKDALE SANTA BARBARA","ALF","10/19/2020",0,18,0
36,"Lee","Florida","CALUSA HARBOUR","ALF","10/19/2020",1,0,1
36,"Lee","Florida","CONSULATE HEALTH CARE OF NORTH FORT MYERS","NH","10/19/2020",6,1,5
36,"Lee","Florida","CYPRESS COVE AT HEALTHPARK FLORIDA","ALF","10/19/2020",0,1,3
36,"Lee","Florida","DISCOVERY VILLAGE AT THE FORUM","ALF","10/19/2020",0,1,9
36,"Lee","Florida","EVANS HEALTH CARE","NH","10/19/2020",0,14,0
36,"Lee","Florida","FORT MYERS REHABILITATION AND NURSING CENTER","NH","10/19/2020",0,0,1
36,"Lee","Florida","FUTURE HOME CARE OF AMERICA LLC","ALF","10/5/2020",0,0,1
36,"Lee","Florida","GLADWELL FORT MYERS","ALF","9/25/2020",0,2,0
36,"Lee","Florida","HEARTLAND HEALTH CARE CENTER-FT MYERS","NH","10/19/2020",0,10,1
36,"Lee","Florida","BROOKDALE FORT MYERS CYPRESS LAKE","ALF","10/19/2020",0,2,0
36,"Lee","Florida","KING'S CROWN-SHELL POINT VILLAGE","ALF","10/19/2020",0,1,0
36,"Lee","Florida","BROOKDALE FORT MYERS THE COLONY","ALF","9/18/2020",0,10,0
36,"Lee","Florida","LODGE AT CYPRESS COVE, THE","NH","10/19/2020",0,0,2
36,"Lee","Florida","MANORCARE HEALTH SERVICES","NH","10/19/2020",0,1,0
36,"Lee","Florida","PACIFICA SENIOR LIVING FORT MYERS","ALF","8/20/2020",0,8,0
36,"Lee","Florida","PAGE REHABILITATION AND HEALTHCARE CENTER","NH","10/19/2020",1,80,0
36,"Lee","Florida","PALMS OF FORT MYERS","ALF","10/19/2020",0,1,1
36,"Lee","Florida","REHAB & HEALTHCARE CENTER OF CAPE CORAL","NH","10/19/2020",2,32,41
36,"Lee","Florida","RENAISSANCE AT THE TERRACES","NH","10/19/2020",0,0,1
36,"Lee","Florida","SHELL POINT NURSING PAVILION","NH","10/19/2020",0,0,2
36,"Lee","Florida","SIGNATURE HEALTHCARE AT COLLEGE PARK","NH","10/19/2020",0,7,0
36,"Lee","Florida","SPRINGWOOD COURT","ALF","10/18/2020",0,5,0
36,"Lee","Florida","THE OPAL AT CAPE CORAL","ALF","10/19/2020",0,0,1
36,"Lee","Florida","THRIVE AT BEACHWALK","ALF","10/15/2020",0,2,0
36,"Lee","Florida","WINDSOR AT CAPE CORAL (THE)","ALF","10/19/2020",0,4,0
36,"Lee","Florida","WINKLER COURT","NH","10/19/2020",0,20,0
36,"Lee","Florida","WOODLANDS (THE)","ALF","10/15/2020",0,2,0
36,"Lee","Florida","HERITAGE PARK REHABILITATION AND HEALTHCARE","NH","10/19/2020",0,13,0
36,"Lee","Florida","LEHIGH ACRES HEALTH AND REHABILITATION CENTER","NH","10/19/2020",0,13,25
37,"Leon","Florida","ALLEGRO","ALF","10/19/2020",0,3,1
37,"Leon","Florida","CANTERFIELD OF TALLAHASSEE, LLC","ALF","10/19/2020",0,0,2
37,"Leon","Florida","HERITAGE HEALTHCARE CENTER AT TALLAHASSEE","NH","10/19/2020",0,0,37
37,"Leon","Florida","BROOKDALE CENTRE POINTE BOULEVARD","ALF","10/19/2020",0,4,0
37,"Leon","Florida","PRUITTHEALTH - SOUTHWOOD","NH","10/19/2020",0,0,15
37,"Leon","Florida","CENTRE POINTE HEALTH AND REHAB CENTER","NH","10/19/2020",0,1,3
37,"Leon","Florida","ST AUGUSTINE PLANTATION","ALF","10/19/2020",1,0,0
37,"Leon","Florida","MIRACLE HILL NURSING AND REHABILITATION CENTER, INC","NH","10/15/2020",0,18,0
37,"Leon","Florida","SUNRISE COMMUNITY, INC.","ICF","10/18/2020",0,0,11
37,"Leon","Florida","SEVEN HILLS HEALTH & REHABILITATION CENTER","NH","10/19/2020",0,4,1
37,"Leon","Florida","TALLAHASSEE DEVELOPMENTAL CENTER","ICF","10/19/2020",0,2,0
37,"Leon","Florida","TALLAHASSEE MEMORY CARE","ALF","10/16/2020",0,0,1
37,"Leon","Florida","TAPESTRY SENIOR LIVING OF TALLAHASSEE","ALF","10/19/2020",0,0,1
37,"Leon","Florida","TAPESTRY SENIOR LIVING WALDEN","ALF","10/19/2020",0,0,13
37,"Leon","Florida","THE GROVE AT CANOPY","ALF","10/19/2020",0,0,2
37,"Leon","Florida","WESTMINSTER OAKS","NH","10/18/2020",1,3,0
37,"Leon","Florida","WOODMONT A PACIFICA SENIOR LIVING COMMUNITY","ALF","10/19/2020",0,0,9
37,"Leon","Florida","YOURLIFE OF TALLAHASSEE","ALF","10/19/2020",3,0,3
37,"Leon","Florida","SUNRISE COMMUNITY, INC.","ICF","10/18/2020",0,0,4
37,"Leon","Florida","SUNRISE COMMUNITY, INC.","ICF","10/18/2020",0,0,5
38,"Levy","Florida","WILLISTON CARE CENTER","NH","10/19/2020",0,3,12
40,"Madison","Florida","CARE WELL LLC","ALF","10/19/2020",0,0,2
40,"Madison","Florida","LAKE PARK OF MADISON NURSING AND REHABILITATION CENTER",""," ",NA,NA,NA
41,"Manatee","Florida","BRADEN RIVER REHABILITATION CENTER LLC","NH","10/19/2020",0,13,0
41,"Manatee","Florida","BRADENTON HEALTH CARE","NH","10/19/2020",1,16,2
41,"Manatee","Florida","BROOKDALE BRADENTON GARDENS","ALF","10/19/2020",0,5,0
41,"Manatee","Florida","BROOKDALE PALMA SOLA","ALF","9/10/2020",0,1,0
41,"Manatee","Florida","ELAN MANATEE","ALF","10/18/2020",0,6,5
41,"Manatee","Florida","GREENBRIAR REHABILITATION AND NURSING CENTER","NH","10/19/2020",0,2,13
41,"Manatee","Florida","HERITAGE PARK CARE AND REHABILITATION CENTER","NH","10/18/2020",0,9,9
41,"Manatee","Florida","INN AT FREEDOM VILLAGE (THE)","ALF","10/19/2020",0,14,0
41,"Manatee","Florida","INN AT FREEDOM VILLAGE, THE","NH","10/19/2020",0,12,0
41,"Manatee","Florida","INSPIRED LIVING AT LAKEWOOD RANCH","ALF","10/19/2020",0,2,0
41,"Manatee","Florida","LANGDON HALL OF BRADENTON","ALF","10/19/2020",0,2,0
41,"Manatee","Florida","LILY'S PROMISE LLC","ALF","10/19/2020",0,0,1
41,"Manatee","Florida","MANATEE SPRINGS REHABILITATION AND NURSING CENTER","NH","10/19/2020",7,27,1
41,"Manatee","Florida","NATIONAL CHURCH RESIDENCES OF BRADENTON FL INC","ALF","9/14/2020",0,4,0
41,"Manatee","Florida","RIVIERA PALMS REHABILITATION CENTER","NH","10/19/2020",0,28,0
41,"Manatee","Florida","SUMMERFIELD RETIREMENT","ALF","10/9/2020",0,4,0
41,"Manatee","Florida","SURREY PLACE HEALTHCARE AND REHABILITATION","NH","10/19/2020",0,0,1
41,"Manatee","Florida","THE SHERIDAN AT LAKEWOOD RANCH","ALF","10/19/2020",1,0,1
41,"Manatee","Florida","VILLAS OF HOLLY BROOK - BRADENTON COVE","ALF","10/18/2020",0,1,0
41,"Manatee","Florida","WATER'S EDGE OF BRADENTON, LLC","ALF","9/14/2020",0,1,0
41,"Manatee","Florida","WESTMINSTER MANOR OF BRADENTON","NH","10/19/2020",2,0,0
41,"Manatee","Florida","WINDSOR OF LAKEWOOD RANCH (THE)","ALF","10/19/2020",0,1,3
41,"Manatee","Florida","WINDSOR REFLECTIONS AT LAKEWOOD RANCH","ALF","10/19/2020",0,1,0
42,"Marion","Florida","AVANTE AT OCALA, INC","NH","10/19/2020",0,38,0
42,"Marion","Florida","BRENTWOOD AT FORE RANCH","ALF","9/23/2020",0,1,0
42,"Marion","Florida","BRIDGE AT LIFE CARE CENTER OF OCALA (THE)","ALF","9/22/2020",0,3,5
42,"Marion","Florida","BRIDGEWATER PARK HEALTH & REHABILITATION CENTER","NH","10/19/2020",0,0,1
42,"Marion","Florida","BROOKDALE CHAMBREL PINECASTLE","ALF","10/19/2020",0,7,6
42,"Marion","Florida","BROOKDALE CHAMBREL PINECASTLE","ALF","10/19/2020",0,0,1
42,"Marion","Florida","CAMELOT CHATEAU","ALF","10/17/2020",0,16,18
42,"Marion","Florida","Chatham Glen Healthcare and Rehabilitation Center","NH","10/19/2020",9,3,1
42,"Marion","Florida","CLUB HEALTH AND REHABILITATION CENTER AT THE VILLAGES (THE)","NH","10/19/2020",0,1,1
42,"Marion","Florida","HAMPTON ALF AT 24TH ROAD LLC","ALF","10/19/2020",0,16,0
42,"Marion","Florida","HAMPTON ALF AT BELLEVIEW LLC","ALF","10/18/2020",0,3,0
42,"Marion","Florida","HAWTHORNE HEALTH AND REHAB OF OCALA","NH","10/19/2020",0,3,0
42,"Marion","Florida","MARION OAKS ASSISTED LIVING","ALF","10/19/2020",0,0,1
42,"Marion","Florida","OAKHURST CENTER","NH","10/19/2020",0,8,14
42,"Marion","Florida","PALM GARDEN OF OCALA","NH","10/19/2020",0,0,1
42,"Marion","Florida","SUPERIOR RESIDENCES AT CALA HILLS","ALF","10/14/2020",0,0,1
42,"Marion","Florida","THE HARBOR HOUSE OF OCALA","ALF","10/15/2020",6,0,1
42,"Marion","Florida","THE HARMONY HOUSE OF OCALA","ALF","10/14/2020",0,6,1
42,"Marion","Florida","THE LODGE HEALTH AND REHABILITATION CENTER","NH","10/19/2020",0,3,0
43,"Martin","Florida","ADDINGTON PLACE STUART","ALF","10/19/2020",0,0,1
43,"Martin","Florida","BROOKDALE JENSEN BEACH","ALF","10/19/2020",0,2,1
43,"Martin","Florida","BROOKDALE STUART","ALF","10/19/2020",0,2,0
43,"Martin","Florida","GRAND OAKS OF JENSEN BEACH","ALF","10/19/2020",0,1,0
43,"Martin","Florida","GRAND OAKS OF PALM CITY LLC","ALF","10/17/2020",0,3,0
43,"Martin","Florida","MARTIN NURSING AND REHABILITATION","NH","10/19/2020",0,6,0
43,"Martin","Florida","PALM CITY NURSING AND REHAB CENTER","NH","10/19/2020",0,18,0
43,"Martin","Florida","SALERNO BAY HEALTH AND REHABILITATION CENTER","NH","10/19/2020",0,5,0
43,"Martin","Florida","SOLARIS HEALTHCARE PARKWAY","NH","10/19/2020",0,0,8
43,"Martin","Florida","SOLARIS SENIOR LIVING STUART","ALF","10/19/2020",0,1,1
43,"Martin","Florida","STUART LODGE","ALF","10/19/2020",0,4,0
43,"Martin","Florida","TERRACE AT HOBE SOUND, THE","NH","10/19/2020",6,63,0
43,"Martin","Florida","WATER'S EDGE HEALTH AND REHABILITATION","NH","10/19/2020",1,0,1
43,"Martin","Florida","YOURLIFE OF STUART","ALF","9/2/2020",0,9,1
44,"Monroe","Florida","CRYSTAL HEALTH AND REHAB CENTER, LLC","NH","10/19/2020",0,2,0
45,"Nassau","Florida","FERNANDINA BEACH REHABILITATION AND NURSING CENTER","NH","10/19/2020",0,5,0
45,"Nassau","Florida","LIFE CARE CENTER OF HILLIARD","NH","10/19/2020",0,26,46
45,"Nassau","Florida","MINER NORTH","ICF","10/18/2020",0,0,1
46,"Okaloosa","Florida","BROOKDALE BLUEWATER BAY","ALF","10/15/2020",1,0,0
46,"Okaloosa","Florida","CRESTVIEW REHABILITATION CENTER, LLC","NH","10/19/2020",0,0,1
46,"Okaloosa","Florida","DESTIN HEALTHCARE AND REHABILITATION CENTER","NH","10/19/2020",5,0,5
46,"Okaloosa","Florida","FORT WALTON BEACH DEVELOPMENTAL CENTER","ICF","10/19/2020",0,0,1
46,"Okaloosa","Florida","MANOR AT BLUE WATER BAY, THE","NH","10/19/2020",0,5,0
46,"Okaloosa","Florida","SHOAL CREEK REHABILITATION CENTER","NH","10/19/2020",0,3,1
46,"Okaloosa","Florida","SILVERCREST HEALTH AND REHABILITATION CENTER","NH","10/19/2020",0,2,0
46,"Okaloosa","Florida","SUPERIOR RESIDENCES OF NICEVILLE","ALF","10/19/2020",0,8,0
46,"Okaloosa","Florida","WESTWOOD NURSING AND REHABILITATION CENTER","NH","10/19/2020",0,0,1
47,"Okeechobee","Florida","OKEECHOBEE HEALTH CARE FACILITY","NH","10/19/2020",0,6,0
48,"Orange","Florida","ADVENTHEALTH CARE CENTER APOPKA NORTH","NH","10/19/2020",0,7,0
48,"Orange","Florida","ADVENTHEALTH CARE CENTER ORLANDO NORTH","NH","10/19/2020",0,0,1
48,"Orange","Florida","AJR LOVING CARE ALF INC","ALF","10/18/2020",0,0,1
48,"Orange","Florida","AVANTE AT ORLANDO INC.","NH","10/19/2020",5,0,0
48,"Orange","Florida","AZPIRA OF WINDERMERE","ALF","10/19/2020",2,0,3
48,"Orange","Florida","CONWAY LAKES HEALTH & REHABILITATION CENTER","NH","10/19/2020",14,30,0
48,"Orange","Florida","COURTYARDS OF ORLANDO CARE CENTER","NH","10/19/2020",38,0,15
48,"Orange","Florida","DELANEY PARK HEALTH AND REHABILITATION CENTER","NH","10/19/2020",0,8,0
48,"Orange","Florida","GRAND PALMS ALF OPERATOR, LLC","ALF","10/19/2020",0,0,1
48,"Orange","Florida","GUARDIAN CARE NURSING & REHABILITATION CENTER","NH","10/19/2020",0,22,1
48,"Orange","Florida","HEALTH CENTRAL PARK","NH","10/19/2020",0,2,0
48,"Orange","Florida","HUNTERS CREEK NURSING AND REHAB CENTER","NH","9/24/2020",0,0,1
48,"Orange","Florida","INSPIRED LIVING","ALF","10/19/2020",0,6,0
48,"Orange","Florida","LIFE CARE CENTER OF ORLANDO","NH","10/19/2020",0,0,1
48,"Orange","Florida","LIFE CONCEPTS, INC.","ICF","10/19/2020",0,0,18
48,"Orange","Florida","ORLANDO HEALTH AND REHABILITATION CENTER","NH","10/19/2020",5,38,8
48,"Orange","Florida","PALM GARDEN OF ORLANDO","NH","10/19/2020",0,0,2
48,"Orange","Florida","PARKVIEW REHABILITATION CENTER AT WINTER PARK","NH","10/19/2020",0,2,0
48,"Orange","Florida","REHABILITATION CENTER OF WINTER PARK, THE","NH","10/19/2020",8,0,2
48,"Orange","Florida","ROSEWOOD HEALTH AND REHABILITATION CENTER","NH","10/19/2020",0,2,1
48,"Orange","Florida","SAN JEAN FACILITY CARE, INC","ALF","10/19/2020",1,0,1
48,"Orange","Florida","SAVANNAH COVE","NH","10/19/2020",0,0,2
48,"Orange","Florida","SOLARIS HEALTHCARE LAKE BENNET","NH","10/19/2020",0,0,1
48,"Orange","Florida","SOMERBY LAKE NONA","ALF","10/19/2020",1,2,0
48,"Orange","Florida","SONATA WEST","ALF","10/19/2020",0,1,1
48,"Orange","Florida","TERRA VISTA REHAB AND HEALTH CENTER","NH","10/19/2020",0,7,1
48,"Orange","Florida","WATERCREST WINTER PARK ASSISTED LIVING AND MEMORY CARE","ALF","9/18/2020",1,0,1
48,"Orange","Florida","WESTMINSTER TOWERS","NH","10/19/2020",1,0,2
48,"Orange","Florida","WESTMINSTER WINTER PARK","ALF","10/19/2020",0,3,0
48,"Orange","Florida","WINTER PARK CARE & REHABILITATION CENTER","NH","10/19/2020",0,16,38
49,"Osceola","Florida","ADVENTHEALTH CARE CENTER CELEBRATION","NH","10/19/2020",0,0,1
49,"Osceola","Florida","AVANTE AT ST. CLOUD, INC.","NH","10/19/2020",8,1,1
49,"Osceola","Florida","BISHOP GRADY VILLAS","ALF","10/19/2020",20,0,10
49,"Osceola","Florida","CONSULATE HEALTH CARE OF KISSIMMEE","NH","10/19/2020",0,24,0
49,"Osceola","Florida","GOOD SAMARITAN SOCIETY-KISSIMMEE VILLAGE","NH","10/19/2020",0,5,0
49,"Osceola","Florida","MERRILL GARDENS AT SOLIVITA MARKETPLACE","ALF","9/18/2020",0,2,8
49,"Osceola","Florida","OAKS OF KISSIMMEE HEALTH AND REHABILITATION CENTER","NH","10/19/2020",0,14,7
49,"Osceola","Florida","SILVER CREEK ASSISTED LIVING ST CLOUD","ALF","9/24/2020",0,0,1
49,"Osceola","Florida","SOLARIS HEALTHCARE OSCEOLA","NH","10/19/2020",0,2,1
49,"Osceola","Florida","TERRACE OF KISSIMMEE, THE","NH","10/19/2020",23,3,8
49,"Osceola","Florida","TERRACE OF ST CLOUD, THE","NH","10/19/2020",11,0,4
50,"Palm Beach","Florida","ABBEY DELRAY","NH","10/19/2020",0,0,1
50,"Palm Beach","Florida","ADDINGTON PLACE AT WELLINGTON GREEN","NH","10/19/2020",1,0,2
50,"Palm Beach","Florida","ARBOR OAKS AT GREENACRES","ALF","9/21/2020",0,12,0
50,"Palm Beach","Florida","ARDEN COURTS OF DELRAY BEACH","ALF","10/19/2020",0,0,16
50,"Palm Beach","Florida","ARTIS SENIOR LIVING OF BOCA RATON LLC","ALF","10/19/2020",0,11,5
50,"Palm Beach","Florida","ASSISTED LIVING OF PALM BEACH GARDENS","ALF","10/19/2020",0,0,1
50,"Palm Beach","Florida","ATRIUM AT BOCA RATON, THE","ALF","10/8/2020",0,8,0
50,"Palm Beach","Florida","AVANTE AT BOCA RATON, INC.","NH","10/19/2020",8,24,0
50,"Palm Beach","Florida","AVANTE AT LAKE WORTH, INC.","NH","10/19/2020",0,15,7
50,"Palm Beach","Florida","BANYAN PLACE","ALF","10/19/2020",0,0,1
50,"Palm Beach","Florida","BOCA RATON REHABILITATION CENTER","NH","10/19/2020",1,37,1
50,"Palm Beach","Florida","BOULEVARD REHABILITATION CENTER","NH","10/19/2020",1,7,1
50,"Palm Beach","Florida","BRIGHTON GARDENS OF BOCA RATON","ALF","9/25/2020",0,7,22
50,"Palm Beach","Florida","BROOKDALE PALM BEACH GARDENS","ALF","10/16/2020",0,1,10
50,"Palm Beach","Florida","BROOKDALE WEST BOYNTON BEACH","ALF","10/18/2020",0,2,1
50,"Palm Beach","Florida","BROOKDALE WEST PALM BEACH","ALF","10/18/2020",0,3,0
50,"Palm Beach","Florida","CASTLEWOOD ALF INC","ALF","10/19/2020",0,4,0
50,"Palm Beach","Florida","COLONIAL ASSISTED LIVING AT BOYNTON BEACH, FL","ALF","10/19/2020",0,1,0
50,"Palm Beach","Florida","CONSULATE HEALTH CARE OF WEST PALM BEACH","NH","10/19/2020",9,28,0
50,"Palm Beach","Florida","CORAL BAY HEALTHCARE AND REHABILITATION","NH","10/19/2020",0,7,0
50,"Palm Beach","Florida","COURTYARD GARDENS OF JUPITER","ALF","10/19/2020",1,0,1
50,"Palm Beach","Florida","CREST MANOR ASSISTED LIVING FACILITY","ALF","10/19/2020",2,2,0
50,"Palm Beach","Florida","CRESTHAVEN","ALF","10/19/2020",1,7,0
50,"Palm Beach","Florida","DARCY HALL OF LIFE CARE","NH","10/19/2020",0,0,1
50,"Palm Beach","Florida","DISCOVERY VILLAGE AT BOYNTON BEACH AL","ALF","10/19/2020",0,0,19
50,"Palm Beach","Florida","FINNISH-AMERICAN VILLAGE","ALF","10/19/2020",0,7,0
50,"Palm Beach","Florida","FIVE STAR PREMIER RESIDENCES OF BOCA RATON","ALF","10/19/2020",0,3,0
50,"Palm Beach","Florida","FLORIDA MENTOR","ICF","10/15/2020",10,0,1
50,"Palm Beach","Florida","GARDENS COURT, THE","NH","10/19/2020",0,5,1
50,"Palm Beach","Florida","GLADES HEALTH CARE CENTER","NH","10/19/2020",0,2,1
50,"Palm Beach","Florida","GLORIA ASSISTED LIVING FACILITY LLC","ALF","10/19/2020",0,1,0
50,"Palm Beach","Florida","GOLDEN RETREAT ALF","ALF","10/19/2020",0,1,1
50,"Palm Beach","Florida","GOLDEN YEARS ALF","ALF","10/19/2020",0,1,0
50,"Palm Beach","Florida","GRAND VILLA OF BOYNTON BEACH","ALF","10/19/2020",0,0,1
50,"Palm Beach","Florida","HAMLIN PLACE OF BOYNTON BEACH","NH","10/19/2020",0,0,1
50,"Palm Beach","Florida","HARBORCHASE OF WELLINGTON CROSSING","ALF","10/16/2020",1,11,5
50,"Palm Beach","Florida","HEALTH CENTER AT SINAI RESIDENCES","ALF","10/19/2020",0,6,0
50,"Palm Beach","Florida","HEALTH CENTER AT SINAI RESIDENCES","NH","10/19/2020",0,3,0
50,"Palm Beach","Florida","HEARTLAND HEALTH CARE AND REHABILITATION CENTER OF BOCA RATON","NH","10/19/2020",0,6,0
50,"Palm Beach","Florida","HEARTLAND HEALTH CARE CENTER - BOYNTON BEACH","NH","10/19/2020",0,0,11
50,"Palm Beach","Florida","HEARTLAND HEALTH CARE CENTER - PROSPERITY OAKS","NH","10/19/2020",0,13,0
50,"Palm Beach","Florida","HIBISCUS PALACE II ASSISTED LIVING FACILITY LLC","ALF","10/12/2020",0,1,1
50,"Palm Beach","Florida","HIBISCUS PALACE WELLINGTON LLC","ALF","10/12/2020",0,1,0
50,"Palm Beach","Florida","JUPITER REHABILITATION AND HEALTHCARE CENTER","NH","10/19/2020",0,11,0
50,"Palm Beach","Florida","LAKE VIEW CARE CENTER AT DELRAY","NH","10/19/2020",0,20,0
50,"Palm Beach","Florida","LAKESIDE HEALTH CENTER","NH","10/17/2020",0,14,29
50,"Palm Beach","Florida","LOURDES-NOREEN MCKEEN RESIDENCE FOR GERIATRIC CARE, INC.","NH","10/19/2020",0,0,1
50,"Palm Beach","Florida","MANGROVE BAY","ALF","10/19/2020",0,0,7
50,"Palm Beach","Florida","MANORCARE HEALTH SERVICES","NH","10/19/2020",0,17,0
50,"Palm Beach","Florida","MANORCARE HEALTH SERVICES - BOYNTON BEACH","NH","10/19/2020",0,0,2
50,"Palm Beach","Florida","MANORCARE HEALTH SERVICES WEST PALM BEACH","NH","10/19/2020",0,9,7
50,"Palm Beach","Florida","MEDICANA NURSING AND REHAB CENTER","NH","10/18/2020",0,15,0
50,"Palm Beach","Florida","MENORAH HOUSE","NH","10/19/2020",4,27,0
50,"Palm Beach","Florida","NORTH LAKE CARE CENTER","NH","10/19/2020",0,11,0
50,"Palm Beach","Florida","NURSING CENTER AT LA POSADA","NH","10/19/2020",0,1,2
50,"Palm Beach","Florida","OAKBRIDGE TERRACE AL RESIDENCE AT ST ANDREWS ESTATES","ALF","10/19/2020",0,1,0
50,"Palm Beach","Florida","OASIS HEALTH AND REHABILITATION CENTER","NH","10/19/2020",3,0,0
50,"Palm Beach","Florida","PALM GARDEN OF WEST PALM BEACH","NH","10/19/2020",0,2,0
50,"Palm Beach","Florida","PARKSIDE INN","ALF","10/19/2020",0,17,0
50,"Palm Beach","Florida","REHABILITATION CENTER OF THE PALM BEACHES,THE","NH","10/19/2020",0,12,0
50,"Palm Beach","Florida","SAVANNAH COURT OF THE PALM BEACHES","ALF","10/19/2020",0,22,0
50,"Palm Beach","Florida","SIGNATURE HEALTHCARE OF PALM BEACH","NH","10/19/2020",10,0,0
50,"Palm Beach","Florida","STRATFORD COURT OF BOCA RATON","NH","10/19/2020",0,8,0
50,"Palm Beach","Florida","SYMPHONY AT DELRAY BEACH","ALF","10/2/2020",0,7,12
50,"Palm Beach","Florida","TERRACE COMMUNITIES TEQUESTA , LLC","ALF","10/19/2020",0,11,12
50,"Palm Beach","Florida","THE CLUB AT BOYNTON BEACH","ALF","10/19/2020",0,0,1
50,"Palm Beach","Florida","THE ELITE MANOR, INC","ALF","10/18/2020",0,2,0
50,"Palm Beach","Florida","THE LANDING OF LAKE WORTH","ALF","10/19/2020",0,1,8
50,"Palm Beach","Florida","THE MERIDIAN AT BOCA RATON","ALF","10/19/2020",0,2,0
50,"Palm Beach","Florida","VENTURA HEALTH AND REHABILITATION CENTER","NH","10/19/2020",1,2,1
50,"Palm Beach","Florida","VI AT LAKESIDE VILLAGE","ALF","10/19/2020",0,2,0
50,"Palm Beach","Florida","WATERFORD, THE","NH","10/19/2020",0,14,0
50,"Palm Beach","Florida","WILLOWBROOKE COURT SKILLED CARE CENTER- EDGEWATER AT BOCA POINTE","NH","10/19/2020",0,3,0
50,"Palm Beach","Florida","WINDSOR COURT","ALF","10/19/2020",2,1,0
50,"Palm Beach","Florida","WOOD LAKE HEALTH AND REHABILITATION CENTER","NH","10/19/2020",0,43,2
50,"Palm Beach","Florida","WYNDHAM HOUSE","ALF","10/19/2020",0,15,7
51,"Pasco","Florida","ADVENTHEALTH CARE CENTER ZEPHYRHILLS NORTH","NH","10/18/2020",0,2,0
51,"Pasco","Florida","ADVENTHEALTH CARE CENTER ZEPHYRHILLS SOUTH","NH","10/15/2020",7,7,1
51,"Pasco","Florida","AMERICAN HOUSE ZEPHRYHILLS","ALF","10/19/2020",1,0,7
51,"Pasco","Florida","ANGELS SENIOR LIVING AT CONNERTON COURT LLC","ALF","10/19/2020",0,0,1
51,"Pasco","Florida","ATRIA WINDSOR WOODS","ALF","10/8/2020",0,0,1
51,"Pasco","Florida","BALDOMERO LOPEZ MEMORIAL VETERANS NURSING HOME","NH","10/19/2020",0,14,0
51,"Pasco","Florida","BEAR CREEK NURSING CENTER","NH","10/19/2020",1,0,1
51,"Pasco","Florida","BEL-AIR HOUSE","ALF","9/21/2020",0,1,0
51,"Pasco","Florida","CONSULATE HEALTH CARE OF BAYONET POINT","NH","10/19/2020",0,19,0
51,"Pasco","Florida","EDWINOLA, THE","ALF","10/4/2020",0,0,3
51,"Pasco","Florida","HEARTLAND OF ZEPHYRHILLS","NH","10/18/2020",0,8,0
51,"Pasco","Florida","HOME SWEET HOME ASSISTED LIVING OF NEW PORT RICHEY","ALF","10/19/2020",0,0,1
51,"Pasco","Florida","MADISON POINTE CARE CENTER","NH","10/19/2020",0,14,28
51,"Pasco","Florida","ORCHARD RIDGE","NH","10/19/2020",0,26,23
51,"Pasco","Florida","PLANTATION RETIREMENT INC","ALF","10/19/2020",0,0,1
51,"Pasco","Florida","ROYAL OAK NURSING CENTER","NH","10/19/2020",0,0,2
51,"Pasco","Florida","SOLARIS HEALTHCARE BAYONET POINT","NH","10/19/2020",0,0,1
51,"Pasco","Florida","SOUTHERN PINES HEALTHCARE CENTER","NH","10/19/2020",0,5,0
51,"Pasco","Florida","TRINITY PLACE ASSISTED LIVING LLC","ALF","10/19/2020",0,1,0
51,"Pasco","Florida","TRINITY REGIONAL REHAB CENTER","NH","10/19/2020",0,4,3
52,"Pinellas","Florida","ABBEY REHABILITATION AND NURSING CENTER","NH","10/18/2020",0,2,0
52,"Pinellas","Florida","ADDINGTON PLACE AT COLLEGE HARBOR","ALF","8/26/2020",0,3,6
52,"Pinellas","Florida","ADDINGTON PLACE OF EAST LAKE","ALF","10/19/2020",0,1,0
52,"Pinellas","Florida","ALHAMBRA HEALTH AND REHABILITATION CENTER","NH","10/19/2020",0,6,0
52,"Pinellas","Florida","AMELIA ALF","ALF","10/19/2020",0,1,0
52,"Pinellas","Florida","ANGEL CARE ASSISTED LIVING FACILITY","ALF","10/18/2020",0,20,1
52,"Pinellas","Florida","APOLLO HEALTH AND REHABILITATION CENTER","NH","10/19/2020",0,24,0
52,"Pinellas","Florida","ARDEN COURTS OF LARGO","ALF","10/19/2020",0,1,0
52,"Pinellas","Florida","BARDMOOR OAKS HEALTHCARE AND REHABILITATION CENTER","NH","10/19/2020",0,24,0
52,"Pinellas","Florida","BARRINGTON (THE)","ALF","10/14/2020",0,0,1
52,"Pinellas","Florida","BAY POINTE NURSING PAVILION","NH","10/19/2020",0,41,0
52,"Pinellas","Florida","BAY TREE CENTER","NH","10/19/2020",0,4,0
52,"Pinellas","Florida","BAYOU GARDENS DUNEDIN, LLC","ALF","10/19/2020",0,2,1
52,"Pinellas","Florida","BAYSIDE CARE CENTER","NH","10/19/2020",0,34,2
52,"Pinellas","Florida","BEST CARE ALF","ALF","10/19/2020",0,0,1
52,"Pinellas","Florida","BON SECOURS MARIA MANOR NURSING CARE CENTER","NH","10/19/2020",0,7,0
52,"Pinellas","Florida","BON SECOURS PLACE AT ST PETERSBURG","ALF","10/19/2020",0,3,0
52,"Pinellas","Florida","CABOT COVE ASSISTED LIVING, LLC","ALF","10/19/2020",0,0,3
52,"Pinellas","Florida","CARRINGTON PLACE OF ST PETE","NH","10/19/2020",0,63,0
52,"Pinellas","Florida","CLEARWATER CENTER","NH","10/19/2020",0,1,0
52,"Pinellas","Florida","COLONNADE AT BECKETT LAKE (THE)","ALF","10/19/2020",0,6,1
52,"Pinellas","Florida","CONCORDIA MANOR","NH","10/19/2020",0,1,0
52,"Pinellas","Florida","CONSULATE HEALTH CARE OF SAFETY HARBOR","NH","10/19/2020",0,0,2
52,"Pinellas","Florida","COUNTRY INN","ALF","10/19/2020",0,10,0
52,"Pinellas","Florida","EAST BAY REHABILITATION CENTER","NH","10/19/2020",0,0,1
52,"Pinellas","Florida","EAST LAKE MANOR, INC","ALF","10/19/2020",0,1,0
52,"Pinellas","Florida","EGRET COVE CENTER","NH","10/19/2020",0,7,0
52,"Pinellas","Florida","ELMCROFT OF PINECREST","ALF","10/19/2020",0,1,2
52,"Pinellas","Florida","EVERGREEN MANOR RETIREMENT HOME","ALF","10/19/2020",0,8,0
52,"Pinellas","Florida","FREEDOM SQUARE HEALTH CARE CENTER","NH","10/19/2020",0,0,14
52,"Pinellas","Florida","GATEWAY CARE CENTER","NH","10/19/2020",0,16,27
52,"Pinellas","Florida","GULF SHORE CARE CENTER","NH","10/19/2020",32,0,0
52,"Pinellas","Florida","HARBORCHASE","ALF","10/10/2020",0,4,0
52,"Pinellas","Florida","HARBOURWOOD CARE CENTER","NH","10/19/2020",0,31,0
52,"Pinellas","Florida","HERON HOUSE OF LARGO","ALF","10/19/2020",0,6,6
52,"Pinellas","Florida","HIGHLAND PINES REHABILITATION CENTER","NH","10/19/2020",22,0,0
52,"Pinellas","Florida","INN AT FREEDOM SQUARE (THE)","ALF","10/19/2020",0,6,0
52,"Pinellas","Florida","INN AT LAKE SEMINOLE SQUARE (THE)","ALF","10/16/2020",0,4,0
52,"Pinellas","Florida","JACARANDA MANOR","NH","10/19/2020",0,12,0
52,"Pinellas","Florida","KENSINGTON GARDENS REHAB AND NURSING CENTER","NH","10/19/2020",0,21,0
52,"Pinellas","Florida","KR AT COLLEGE HARBOR","NH","10/19/2020",0,7,0
52,"Pinellas","Florida","LAKESIDE OAKS CARE CENTER","NH","10/19/2020",0,2,0
52,"Pinellas","Florida","MAGNOLIA MANOR INC","ALF","10/19/2020",0,0,1
52,"Pinellas","Florida","MARION AND BERNARD L SAMSON NURSING CENTER","NH","10/19/2020",0,0,1
52,"Pinellas","Florida","MASONIC HOME OF FLORIDA","NH","10/17/2020",0,2,2
52,"Pinellas","Florida","MASONIC HOME OF FLORIDA","ALF","10/16/2020",0,1,0
52,"Pinellas","Florida","MORTON PLANT REHABILITATION CENTER","NH","10/19/2020",0,5,1
52,"Pinellas","Florida","NORTH REHABILITATION CENTER","NH","10/19/2020",0,6,0
52,"Pinellas","Florida","OAK MANOR HEALTHCARE & REHABILITATION CENTER","NH","10/19/2020",0,14,1
52,"Pinellas","Florida","OAK MANOR SENIOR LIVING COMMUNITY","ALF","9/16/2020",0,0,1
52,"Pinellas","Florida","OAKS OF CLEARWATER, THE","NH","10/19/2020",0,18,5
52,"Pinellas","Florida","PALM GARDEN OF LARGO","NH","10/19/2020",0,1,1
52,"Pinellas","Florida","PARC, INC","ICF","10/18/2020",0,1,0
52,"Pinellas","Florida","PENINSULA CARE AND REHABILITATION CENTER","NH","10/19/2020",0,13,2
52,"Pinellas","Florida","PRINCETON VILLAGE OF LARGO","ALF","10/16/2020",0,12,0
52,"Pinellas","Florida","REGAL PALMS","ALF","10/15/2020",0,7,0
52,"Pinellas","Florida","REGENCY OAKS HEALTH CENTER","NH","10/19/2020",0,3,1
52,"Pinellas","Florida","REGENCY OAKS HEALTH CENTER","ALF","10/19/2020",0,1,0
52,"Pinellas","Florida","SABAL PALMS HEALTH & REHABILITATION","NH","10/19/2020",0,2,3
52,"Pinellas","Florida","SEABREEZE SIESTA MANOR, LLC","ALF","9/29/2020",0,1,0
52,"Pinellas","Florida","SHORE ACRES CARE CENTER","NH","10/19/2020",0,3,0
52,"Pinellas","Florida","SOUTH HERITAGE HEALTH & REHABILITATION CENTER","NH","10/19/2020",0,12,0
52,"Pinellas","Florida","SPRINGS AT BOCA CIEGA BAY","NH","10/19/2020",0,0,1
52,"Pinellas","Florida","ST PETERSBURG NURSING & REHABILITATION","NH","10/19/2020",0,1,0
52,"Pinellas","Florida","ST. MARK VILLAGE","NH","10/19/2020",0,1,1
52,"Pinellas","Florida","STIRLING HOUSE 1, LLC","ALF","10/13/2020",0,3,0
52,"Pinellas","Florida","STIRLING HOUSE 2, LLC","ALF","10/8/2020",0,9,0
52,"Pinellas","Florida","SUNSHINE SENIOR LIVING LLC","ALF","10/19/2020",0,5,1
52,"Pinellas","Florida","THE FOUNTAINS AT BOCA CIEGA BAY","ALF","10/16/2020",0,28,27
52,"Pinellas","Florida","THE PRESERVE AT CLEARWATER","ALF","10/18/2020",0,0,2
52,"Pinellas","Florida","THE VILLAS AT LAKESIDE OAKS","ALF","10/19/2020",0,1,0
52,"Pinellas","Florida","TIERRA PINES CENTER","NH","10/19/2020",0,13,0
52,"Pinellas","Florida","UNION HOUSE","ALF","10/19/2020",0,1,0
52,"Pinellas","Florida","WEST BAY OF TAMPA","NH","10/19/2020",0,19,0
52,"Pinellas","Florida","WESTMINSTER PALMS","NH","10/19/2020",0,0,1
52,"Pinellas","Florida","WESTMINSTER SUNCOAST","NH","10/19/2020",0,1,1
52,"Pinellas","Florida","WRIGHTS HEALTHCARE AND REHABILITATION CENTER","NH","10/19/2020",0,0,1
53,"Polk","Florida","ASTORIA HEALTH AND REHABILITATION CENTER","NH","10/19/2020",0,0,1
53,"Polk","Florida","BARTOW CENTER","NH","10/19/2020",7,25,43
53,"Polk","Florida","BRANDYWYNE HEALTH CARE CENTER","NH","10/19/2020",1,1,0
53,"Polk","Florida","BROOKDALE OAKBRIDGE","ALF","9/28/2020",0,0,3
53,"Polk","Florida","CONSULATE HEALTH CARE AT LAKE PARKER","NH","10/18/2020",0,4,0
53,"Polk","Florida","CONSULATE HEALTH CARE OF LAKELAND","NH","10/19/2020",0,18,2
53,"Polk","Florida","CONSULATE HEALTH CARE OF WINTER HAVEN","NH","10/19/2020",0,22,1
53,"Polk","Florida","CROSSROADS, THE","NH","10/19/2020",0,12,13
53,"Polk","Florida","FLORIDA PRESBYTERIAN HOMES INC","NH","10/19/2020",0,0,1
53,"Polk","Florida","GRACE HEALTHCARE OF LAKE WALES","NH","10/19/2020",0,0,2
53,"Polk","Florida","GRACE MANOR SUITES, LLC","ALF","10/5/2020",0,14,7
53,"Polk","Florida","GROVES CENTER","NH","10/19/2020",0,14,0
53,"Polk","Florida","HAWTHORNE INN OF LAKELAND","ALF","10/19/2020",0,5,7
53,"Polk","Florida","HIGHLANDS LAKE CENTER","NH","10/19/2020",0,86,1
53,"Polk","Florida","LAKE HOWARD HEIGHTS","ALF","10/17/2020",0,8,15
53,"Polk","Florida","LAKELAND HILLS CENTER","NH","10/19/2020",0,50,1
53,"Polk","Florida","LAKELAND MANOR ALF","ALF","10/19/2020",0,20,0
53,"Polk","Florida","LAKELAND NURSING & REHABILITATION","NH","10/19/2020",15,1,50
53,"Polk","Florida","MANOR AT CARPENTERS, THE","NH","10/19/2020",5,1,6
53,"Polk","Florida","NEW ERA ASSISTED LIVING","ALF","9/1/2020",0,10,3
53,"Polk","Florida","NEW HORIZON SHARE HOME","ALF","10/19/2020",0,0,1
53,"Polk","Florida","OAK HAVEN REHAB AND NURSING CENTER","NH","10/19/2020",0,16,1
53,"Polk","Florida","OAKBRIDGE HEALTHCARE CENTER","NH","10/19/2020",11,0,8
53,"Polk","Florida","ROHR HOME, THE","NH","10/19/2020",0,0,1
53,"Polk","Florida","SAVANNAH COURT OF HAINES CITY","ALF","10/17/2020",0,7,0
53,"Polk","Florida","SAVANNAH COURT OF LAKELAND","ALF","10/9/2020",0,0,1
53,"Polk","Florida","SCOTT LAKE HEALTH AND REHABILITATION","NH","10/19/2020",0,0,1
53,"Polk","Florida","SPRING HAVEN RETIREMENT COMMUNITY","ALF","10/19/2020",0,0,1
53,"Polk","Florida","SPRING LAKE REHABILITATION CENTER","NH","10/19/2020",9,9,0
53,"Polk","Florida","VALENCIA HILLS HEALTH AND REHABILITATION CENTER","NH","10/19/2020",0,26,1
53,"Polk","Florida","VILLA AT CARPENTERS (THE)","ALF","10/19/2020",0,1,2
53,"Polk","Florida","WEDGEWOOD HEALTHCARE CENTER","NH","10/19/2020",0,34,29
53,"Polk","Florida","WINTER HAVEN HEALTH AND REHABILITATION CENTER","NH","10/19/2020",0,68,45
54,"Putnam","Florida","FIVE OAKS REST HOME","ALF","10/18/2020",0,2,0
54,"Putnam","Florida","THE ARC OF PUTNAM COUNTY, INC","ALF","10/19/2020",0,0,1
54,"Putnam","Florida","WINDSOR CARE & REHAB, LLC","NH","10/19/2020",8,1,5
57,"Santa Rosa","Florida","BAY BREEZE SENIOR LIVING AND REHABILITATION CENTER","NH","10/19/2020",0,7,32
57,"Santa Rosa","Florida","CANOPY ON BERRYHILL, THE","ALF","10/19/2020",0,0,4
57,"Santa Rosa","Florida","FORSYTH HOUSE","ALF","10/19/2020",0,0,4
57,"Santa Rosa","Florida","NAVARRE GARDENS ASSISTED LIVING FACILITY","ALF","10/19/2020",0,0,1
57,"Santa Rosa","Florida","PRUITTHEALTH - SANTA ROSA","NH","9/23/2020",0,4,19
57,"Santa Rosa","Florida","THE BEACON AT GULF BREEZE","ALF","10/19/2020",0,0,4
57,"Santa Rosa","Florida","THE TERRACE AT IVEY ACRES OF JAY","ALF","10/19/2020",0,4,6
57,"Santa Rosa","Florida","THE WATERMARK OF GULF BREEZE","ALF","10/19/2020",0,0,1
57,"Santa Rosa","Florida","VICTORIAN MANOR RETIREMENT CENTER INC","ALF","10/19/2020",5,5,3
58,"Sarasota","Florida","ALDERMAN OAKS RETIREMENT CENTER INC","ALF","10/19/2020",0,1,4
58,"Sarasota","Florida","ANCHIN PAVILION","ALF","10/19/2020",0,7,0
58,"Sarasota","Florida","ANGELS SENIOR LIVING AT SARASOTA","ALF","10/6/2020",0,5,3
58,"Sarasota","Florida","ARAVILLA","ALF","10/19/2020",0,1,8
58,"Sarasota","Florida","ASHTON PLACE CORP","ALF","10/19/2020",0,4,0
58,"Sarasota","Florida","BAY BREEZE HEALTH AND REHABILITATION CENTER","NH","10/19/2020",0,17,0
58,"Sarasota","Florida","BROOKDALE DEER CREEK SARASOTA","ALF","10/19/2020",0,8,0
58,"Sarasota","Florida","BROOKDALE SARASOTA MIDTOWN","ALF","10/16/2020",0,1,1
58,"Sarasota","Florida","CONSULATE HEALTH CARE OF SARASOTA","NH","10/19/2020",0,14,11
58,"Sarasota","Florida","DESOTO PALMS LLC","ALF","10/19/2020",0,0,1
58,"Sarasota","Florida","FRUITVILLE HOLDINGS OPPIDAN INC","ALF","10/15/2020",0,0,7
58,"Sarasota","Florida","HARBORCHASE OF SARASOTA","ALF","10/19/2020",0,1,0
58,"Sarasota","Florida","HARBORCHASE OF VENICE","ALF","10/19/2020",0,1,0
58,"Sarasota","Florida","HARBORCHASE OF VENICE","NH","10/19/2020",0,8,0
58,"Sarasota","Florida","HAWTHORNE HEALTH AND REHAB OF SARASOTA","NH","10/19/2020",1,0,1
58,"Sarasota","Florida","HEARTLAND HEALTH CARE CENTER - NORTH SARASOTA","NH","10/19/2020",0,7,0
58,"Sarasota","Florida","HERON CLUB AT PRESTANCIA THE","ALF","10/19/2020",0,1,0
58,"Sarasota","Florida","INN AT ASTON GARDENS AT PELICAN POINTE (THE)","ALF","10/19/2020",0,0,3
58,"Sarasota","Florida","LAKEHOUSE WEST","ALF","10/19/2020",0,0,3
58,"Sarasota","Florida","LIANA OF SARASOTA","ALF","10/19/2020",0,0,2
58,"Sarasota","Florida","LIANA OF VENICE","ALF","10/19/2020",0,0,3
58,"Sarasota","Florida","LILY'S PROMISE, LLC","ALF","10/19/2020",0,0,2
58,"Sarasota","Florida","MAGNOLIA ACRES","ALF","10/12/2020",0,0,1
58,"Sarasota","Florida","MAGNOLIA HEALTH AND REHABILITATION CENTER","NH","10/19/2020",0,8,16
58,"Sarasota","Florida","MANORCARE HEALTH SERVICES","NH","10/19/2020",0,0,1
58,"Sarasota","Florida","MANORCARE HEALTH SERVICES SARASOTA","NH","10/19/2020",0,0,9
58,"Sarasota","Florida","NORTH PORT REHABILITATION AND NURSING CENTER","NH","10/19/2020",17,0,6
58,"Sarasota","Florida","PINES OF SARASOTA","NH","10/16/2020",0,0,1
58,"Sarasota","Florida","PINES OF SARASOTA","ALF","10/19/2020",0,1,1
58,"Sarasota","Florida","PLYMOUTH HARBOR INC","ALF","10/19/2020",0,1,0
58,"Sarasota","Florida","PLYMOUTH HARBOR INCORPORATED","NH","10/19/2020",0,0,1
58,"Sarasota","Florida","SARASOTA HEALTH AND REHABILITATION CENTER","NH","10/19/2020",0,20,0
58,"Sarasota","Florida","SARASOTA POINT REHABILITATION CENTER","NH","10/19/2020",0,15,0
58,"Sarasota","Florida","SAVANNAH GRAND OF SARASOTA","ALF","10/19/2020",0,0,1
58,"Sarasota","Florida","SPRINGS AT LAKE POINTE WOODS","NH","10/19/2020",0,3,0
58,"Sarasota","Florida","SPRINGWOOD CENTER","NH","10/19/2020",0,0,2
58,"Sarasota","Florida","SUNNILAND ASSISTED LIVING FACILITY, LLC","ALF","10/16/2020",0,0,1
58,"Sarasota","Florida","SUNNYSIDE NURSING HOME","NH","10/19/2020",0,0,1
58,"Sarasota","Florida","SUNRISE COMMUNITY, INC.","ICF","10/19/2020",0,0,1
58,"Sarasota","Florida","SUNSET LAKE HEALTH AND REHABILITATION CENTER","NH","10/19/2020",1,1,12
58,"Sarasota","Florida","SUNSET LAKE VILLAGE","ALF","10/19/2020",0,4,1
58,"Sarasota","Florida","SUNSHINE MEADOWS ASSISTED LIVING FACILITY INC","ALF","10/19/2020",0,5,0
58,"Sarasota","Florida","TARPON POINT NURSING AND REHABILITATION CENTER","NH","10/19/2020",0,0,1
58,"Sarasota","Florida","THE FOUNTAINS OF HOPE","ALF","10/19/2020",0,7,0
58,"Sarasota","Florida","THE SPRINGS AT SOUTH BISCAYNE","ALF","9/14/2020",0,2,1
58,"Sarasota","Florida","TUSCAN GARDENS OF VENETIA BAY","ALF","10/19/2020",0,1,6
58,"Sarasota","Florida","WELCOME HOME ASSISTED LIVING FACILITY","ALF","10/19/2020",0,1,0
59,"Seminole","Florida","ADVENTHEALTH CARE CENTER APOPKA SOUTH","NH","10/19/2020",2,44,0
59,"Seminole","Florida","ARDEN COURTS OF WINTER SPRINGS","ALF","10/19/2020",0,0,1
59,"Seminole","Florida","BROOKDALE LAKE ORIENTA","ALF","10/19/2020",0,1,0
59,"Seminole","Florida","CASCADE HEIGHTS","ALF","10/19/2020",0,0,1
59,"Seminole","Florida","EASTBROOKE GARDENS","ALF","10/19/2020",0,26,0
59,"Seminole","Florida","GRAND VILLA OF ALTAMONTE SPRINGS","ALF","10/19/2020",0,0,1
59,"Seminole","Florida","LIFE CARE CENTER OF ALTAMONTE SPRINGS","NH","10/19/2020",0,0,1
59,"Seminole","Florida","LUTHERAN HAVEN NURSING HOME","NH","10/19/2020",2,0,2
59,"Seminole","Florida","OAKMONTE VILLAGE OF LAKE MARY - CORDOVA","ALF","10/15/2020",0,17,0
59,"Seminole","Florida","PALMETTO LANDING","ALF","10/19/2020",1,0,0
59,"Seminole","Florida","PALMS OF LONGWOOD (THE)","ALF","10/19/2020",0,6,0
59,"Seminole","Florida","RENAISSANCE RETIREMENT CENTER","ALF","10/19/2020",0,11,0
59,"Seminole","Florida","STRIVE AT FERN PARK","ALF","10/19/2020",0,0,1
59,"Seminole","Florida","TUSKAWILLA NURSING AND REHAB CENTER","NH","10/19/2020",0,2,0
55,"St. Johns","Florida","MOULTRIE CREEK NURSING AND REHAB CENTER","NH","10/19/2020",0,8,0
55,"St. Johns","Florida","PALMS AT PONTE VEDRA ASSISTED LIVING & MEMORY CARE (THE)","ALF","10/19/2020",0,18,8
55,"St. Johns","Florida","SAMANTHA WILSON CARE CENTER","NH","10/19/2020",2,4,0
55,"St. Johns","Florida","SILVER CREEK  ST AUGUSTINE LLC","ALF","10/19/2020",0,4,0
55,"St. Johns","Florida","SILVER TREASURES AT ST AUGUSTINE","ALF","10/19/2020",0,0,1
55,"St. Johns","Florida","ST AUGUSTINE HEALTH AND REHABILITATION CENTER","NH","10/19/2020",0,0,1
55,"St. Johns","Florida","STARLING AT NOCATEE","ALF","10/19/2020",7,0,8
55,"St. Johns","Florida","SYMPHONY AT ST AUGUSTINE","ALF","9/8/2020",0,0,3
55,"St. Johns","Florida","WESTMINSTER WOODS ON JULINGTON CREEK","NH","10/18/2020",1,0,1
56,"St. Lucie","Florida","ATRIA PORT ST LUCIE","ALF","9/10/2020",0,1,0
56,"St. Lucie","Florida","EMERALD HEALTH CARE CENTER","NH","10/19/2020",8,27,3
56,"St. Lucie","Florida","FORT PIERCE HEALTH CARE","NH","10/19/2020",0,23,2
56,"St. Lucie","Florida","LAKE FOREST PARK","ALF","10/5/2020",0,3,0
56,"St. Lucie","Florida","LIFE CARE CENTER OF PORT ST. LUCIE","NH","10/12/2020",0,21,29
56,"St. Lucie","Florida","SANDGATE GARDENS REHAB AND NURSING CENTER","NH","10/18/2020",0,4,0
56,"St. Lucie","Florida","THE BRENNITY AT TRADITION","ALF","10/19/2020",0,0,1
56,"St. Lucie","Florida","THE BROADMOOR ALF","ALF","10/19/2020",0,12,0
56,"St. Lucie","Florida","TIFFANY HALL NURSING AND REHAB CENTER","NH","10/19/2020",0,14,0
56,"St. Lucie","Florida","WATERCREST OF ST LUCIE WEST ASSISTED LIVING AND MEMORY CARE","ALF","10/16/2020",0,4,6
60,"Sumter","Florida","BUFFALO CROSSING HEALTHCARE AND REHABILITATION CENTER","NH","10/19/2020",0,0,1
60,"Sumter","Florida","BUFFALO CROSSINGS ASSISTED LIVING FACILITY","ALF","10/18/2020",0,3,0
60,"Sumter","Florida","CYPRESS CARE CENTER","NH","10/19/2020",0,14,0
60,"Sumter","Florida","HARBORCHASE OF VILLAGES CROSSING","ALF","8/21/2020",0,1,2
60,"Sumter","Florida","MISSION OAKS","ALF","10/18/2020",0,0,2
60,"Sumter","Florida","TRINITY SPRINGS","ALF","10/19/2020",0,0,2
61,"Suwannee","Florida","DACIER MANOR","ALF","10/19/2020",0,1,0
61,"Suwannee","Florida","GOOD SAMARITAN CENTER","NH","10/19/2020",0,12,0
61,"Suwannee","Florida","SURREY PLACE CARE CENTER","NH","10/19/2020",0,1,0
61,"Suwannee","Florida","SUWANNEE HEALTH AND REHABILITATION CENTER","NH","10/19/2020",0,20,0
62,"Taylor","Florida","MARSHALL HEALTH AND REHABILITATION CENTER","NH","10/19/2020",0,2,15
64,"Volusia","Florida","ALLIANCE HEALTH AND REHABILITATION CENTER","NH","10/19/2020",0,9,1
64,"Volusia","Florida","ATRIA ORANGE CITY","ALF","10/19/2020",0,1,0
64,"Volusia","Florida","ATRIA PORT ORANGE","ALF","10/19/2020",0,0,1
64,"Volusia","Florida","AVANTE AT ORMOND BEACH, INC","NH","10/19/2020",4,25,2
64,"Volusia","Florida","BENTON HOUSE OF PORT ORANGE","ALF","10/19/2020",0,0,1
64,"Volusia","Florida","BROOKDALE ORMOND BEACH WEST","ALF","10/18/2020",0,1,0
64,"Volusia","Florida","COASTAL HEALTH AND REHABILITATION CENTER","NH","10/19/2020",0,5,0
64,"Volusia","Florida","COQUINA CENTER","NH","10/19/2020",0,41,14
64,"Volusia","Florida","DAYTONA BEACH HEALTH AND REHABILITATION CENTER","NH","10/19/2020",1,5,0
64,"Volusia","Florida","DEBARY HEALTH AND REHABILITATION CENTER","NH","10/19/2020",0,0,1
64,"Volusia","Florida","DELTONA HEALTH CARE","NH","10/19/2020",6,0,0
64,"Volusia","Florida","EMORY L BENNETT MEMORIAL VETERANS NURSING HOME","NH","10/19/2020",0,25,0
64,"Volusia","Florida","EVERGREEN ALF","ALF","7/28/2020",1,1,0
64,"Volusia","Florida","GARDENS HEALTH & REHABILITATION CENTER, THE","NH","10/19/2020",0,1,0
64,"Volusia","Florida","GOLD CHOICE ORMOND BEACH","ALF","10/19/2020",0,4,0
64,"Volusia","Florida","GOOD SAMARITAN SOCIETY-DAYTONA","NH","10/19/2020",0,1,0
64,"Volusia","Florida","INDIGO MANOR","NH","10/19/2020",3,0,9
64,"Volusia","Florida","INDIGO PALMS","ALF","10/19/2020",1,0,0
64,"Volusia","Florida","MAGNOLIA MANOR AT DAYTONA BEACH, LLC","ALF","10/19/2020",1,0,1
64,"Volusia","Florida","OAKTREE HEALTHCARE","NH","10/19/2020",0,1,2
64,"Volusia","Florida","OCEAN VIEW NURSING & REHABILITATION CENTER, LLC","NH","10/19/2020",0,12,1
64,"Volusia","Florida","ORANGE CITY NURSING AND REHAB CENTER","NH","10/19/2020",0,0,1
64,"Volusia","Florida","ORMOND IN THE PINES","ALF","10/19/2020",1,0,0
64,"Volusia","Florida","PARKSIDE HEALTH AND REHABILITATION CENTER","NH","10/18/2020",0,1,0
64,"Volusia","Florida","RIDGECREST NURSING AND REHABILITATION CENTER","NH","10/19/2020",1,14,1
64,"Volusia","Florida","RIVIERA ASSISTED LIVING RESIDENCES","ALF","10/19/2020",0,1,0
64,"Volusia","Florida","SANDALWOOD REHABILITATION AND NURSING CENTER","NH","10/7/2020",0,1,3
64,"Volusia","Florida","SAVANNAH COURT OF ORANGE CITY","ALF","10/19/2020",0,1,0
64,"Volusia","Florida","SEASIDE HEALTH AND REHABILITATION CENTER","NH","10/19/2020",0,0,11
64,"Volusia","Florida","SELAH LIVING, LLC","ALF","10/19/2020",0,1,0
64,"Volusia","Florida","SIGNATURE HEALTHCARE OF ORMOND","NH","10/19/2020",0,1,6
64,"Volusia","Florida","SUMMERHAVEN ASSISTED LIVING, LLC","ALF","10/19/2020",1,0,2
64,"Volusia","Florida","UNIVERSITY EAST REHABILITATION CENTER","NH","10/19/2020",0,0,10
64,"Volusia","Florida","UNIVERSITY WEST REHABILITATION CENTER","NH","10/17/2020",1,0,0
64,"Volusia","Florida","VILLA HEALTH & REHABILITATION CENTER","NH","10/19/2020",4,2,36
65,"Wakulla","Florida","EDEN SPRINGS NURSING AND REHAB CENTER","NH","10/19/2020",1,0,0
66,"Walton","Florida","BROOKDALE DESTIN","ALF","10/14/2020",0,0,9
66,"Walton","Florida","CHAUTAUQUA REHABILITATION AND NURSING CENTER","NH","10/19/2020",11,0,4
66,"Walton","Florida","SOMERBY SANTA ROSA BEACH","ALF","10/19/2020",0,0,1
66,"Walton","Florida","STANLEY HOUSE","ALF","10/19/2020",0,1,0
